id,format,lang,collection,department,original_url,fetch_url,member,licence,date,sha256
koreakr-156754052,hwpx,ko,korea.kr press releases (via GovPress_PDF_MD corpus_latest100),고용노동부,https://www.korea.kr/briefing/pressReleaseView.do?newsId=156754052,https://raw.githubusercontent.com/wavelen-jw/GovPress_PDF_MD/ed432313a05c8717e9a0bdc686edf0159cc0e501/artifacts/policy_briefing_benchmark/corpus_latest100/hwpxs/156754052.hwpx,,"KOGL Type 1 (공공누리 제1유형, attribution) for press-release text per korea.kr; images may belong to third parties; mirror repo is MIT (code). Not redistributed here.",2026-04-10,6f74f903252360d0db7f02f56688db161c1dcc2034906f8d7bbff548296e6154
koreakr-156754053,hwpx,ko,korea.kr press releases (via GovPress_PDF_MD corpus_latest100),국토교통부,https://www.korea.kr/briefing/pressReleaseView.do?newsId=156754053,https://raw.githubusercontent.com/wavelen-jw/GovPress_PDF_MD/ed432313a05c8717e9a0bdc686edf0159cc0e501/artifacts/policy_briefing_benchmark/corpus_latest100/hwpxs/156754053.hwpx,,"KOGL Type 1 (공공누리 제1유형, attribution) for press-release text per korea.kr; images may belong to third parties; mirror repo is MIT (code). Not redistributed here.",2026-04-10,9a3c0d12ef73d26f1c75aef6875442c0726e336f493cc1aa6e52a6a4ef0c0519
koreakr-156754060,hwpx,ko,korea.kr press releases (via GovPress_PDF_MD corpus_latest100),중소벤처기업부,https://www.korea.kr/briefing/pressReleaseView.do?newsId=156754060,https://raw.githubusercontent.com/wavelen-jw/GovPress_PDF_MD/ed432313a05c8717e9a0bdc686edf0159cc0e501/artifacts/policy_briefing_benchmark/corpus_latest100/hwpxs/156754060.hwpx,,"KOGL Type 1 (공공누리 제1유형, attribution) for press-release text per korea.kr; images may belong to third parties; mirror repo is MIT (code). Not redistributed here.",2026-04-11,4093cc1aca139d26c98c458ad8fab826da58c55ce86963e4d53b18cf07800d7b
koreakr-156754077,hwpx,ko,korea.kr press releases (via GovPress_PDF_MD corpus_latest100),문화체육관광부,https://www.korea.kr/briefing/pressReleaseView.do?newsId=156754077,https://raw.githubusercontent.com/wavelen-jw/GovPress_PDF_MD/ed432313a05c8717e9a0bdc686edf0159cc0e501/artifacts/policy_briefing_benchmark/corpus_latest100/hwpxs/156754077.hwpx,,"KOGL Type 1 (공공누리 제1유형, attribution) for press-release text per korea.kr; images may belong to third parties; mirror repo is MIT (code). Not redistributed here.",2026-04-11,05028f7210c55724e719717ecbac4e4026d6c44d9e8dba8de18dea74be04134e
koreakr-156754093,hwpx,ko,korea.kr press releases (via GovPress_PDF_MD corpus_latest100),행정안전부,https://www.korea.kr/briefing/pressReleaseView.do?newsId=156754093,https://raw.githubusercontent.com/wavelen-jw/GovPress_PDF_MD/ed432313a05c8717e9a0bdc686edf0159cc0e501/artifacts/policy_briefing_benchmark/corpus_latest100/hwpxs/156754093.hwpx,,"KOGL Type 1 (공공누리 제1유형, attribution) for press-release text per korea.kr; images may belong to third parties; mirror repo is MIT (code). Not redistributed here.",2026-04-12,22bdbf50559e7b6fd52626643ebc6f14154728a3d636a4e03ef45c7dd1973b2c
koreakr-156754095,hwpx,ko,korea.kr press releases (via GovPress_PDF_MD corpus_latest100),행정안전부,https://www.korea.kr/briefing/pressReleaseView.do?newsId=156754095,https://raw.githubusercontent.com/wavelen-jw/GovPress_PDF_MD/ed432313a05c8717e9a0bdc686edf0159cc0e501/artifacts/policy_briefing_benchmark/corpus_latest100/hwpxs/156754095.hwpx,,"KOGL Type 1 (공공누리 제1유형, attribution) for press-release text per korea.kr; images may belong to third parties; mirror repo is MIT (code). Not redistributed here.",2026-04-12,4971e8eff1cffb8bf61a93c01ebf62072d6af19f77d686593fe3c70dd486ccde
koreakr-156754096,hwpx,ko,korea.kr press releases (via GovPress_PDF_MD corpus_latest100),농림축산식품부,https://www.korea.kr/briefing/pressReleaseView.do?newsId=156754096,https://raw.githubusercontent.com/wavelen-jw/GovPress_PDF_MD/ed432313a05c8717e9a0bdc686edf0159cc0e501/artifacts/policy_briefing_benchmark/corpus_latest100/hwpxs/156754096.hwpx,,"KOGL Type 1 (공공누리 제1유형, attribution) for press-release text per korea.kr; images may belong to third parties; mirror repo is MIT (code). Not redistributed here.",2026-04-12,6bdb3b36417f3d9001431f3f13b0015ddb5ae86b81e36ceaa485a4cc4975af02
koreakr-156754097,hwpx,ko,korea.kr press releases (via GovPress_PDF_MD corpus_latest100),해양수산부,https://www.korea.kr/briefing/pressReleaseView.do?newsId=156754097,https://raw.githubusercontent.com/wavelen-jw/GovPress_PDF_MD/ed432313a05c8717e9a0bdc686edf0159cc0e501/artifacts/policy_briefing_benchmark/corpus_latest100/hwpxs/156754097.hwpx,,"KOGL Type 1 (공공누리 제1유형, attribution) for press-release text per korea.kr; images may belong to third parties; mirror repo is MIT (code). Not redistributed here.",2026-04-12,298cb9858bafca755b1a93cf586465802c7c952fb486bb2233194a87064635be
koreakr-156754098,hwpx,ko,korea.kr press releases (via GovPress_PDF_MD corpus_latest100),국토교통부,https://www.korea.kr/briefing/pressReleaseView.do?newsId=156754098,https://raw.githubusercontent.com/wavelen-jw/GovPress_PDF_MD/ed432313a05c8717e9a0bdc686edf0159cc0e501/artifacts/policy_briefing_benchmark/corpus_latest100/hwpxs/156754098.hwpx,,"KOGL Type 1 (공공누리 제1유형, attribution) for press-release text per korea.kr; images may belong to third parties; mirror repo is MIT (code). Not redistributed here.",2026-04-12,60281cdad44f3444a128a7f473ba9f9ad11580c27ed10fd20b150078560a389f
koreakr-156754101,hwpx,ko,korea.kr press releases (via GovPress_PDF_MD corpus_latest100),기후에너지환경부,https://www.korea.kr/briefing/pressReleaseView.do?newsId=156754101,https://raw.githubusercontent.com/wavelen-jw/GovPress_PDF_MD/ed432313a05c8717e9a0bdc686edf0159cc0e501/artifacts/policy_briefing_benchmark/corpus_latest100/hwpxs/156754101.hwpx,,"KOGL Type 1 (공공누리 제1유형, attribution) for press-release text per korea.kr; images may belong to third parties; mirror repo is MIT (code). Not redistributed here.",2026-04-12,ab223eb745ac937bba6c137ac042fa5347794652978dd84ade6e1063bca3db76
koreakr-156754103,hwpx,ko,korea.kr press releases (via GovPress_PDF_MD corpus_latest100),외교부,https://www.korea.kr/briefing/pressReleaseView.do?newsId=156754103,https://raw.githubusercontent.com/wavelen-jw/GovPress_PDF_MD/ed432313a05c8717e9a0bdc686edf0159cc0e501/artifacts/policy_briefing_benchmark/corpus_latest100/hwpxs/156754103.hwpx,,"KOGL Type 1 (공공누리 제1유형, attribution) for press-release text per korea.kr; images may belong to third parties; mirror repo is MIT (code). Not redistributed here.",2026-04-12,6ef93c7ffaa3d25459d1e0dba86077f39cb76812b11af3df7b309f1fcf5f5d97
koreakr-156754104,hwpx,ko,korea.kr press releases (via GovPress_PDF_MD corpus_latest100),국무조정실,https://www.korea.kr/briefing/pressReleaseView.do?newsId=156754104,https://raw.githubusercontent.com/wavelen-jw/GovPress_PDF_MD/ed432313a05c8717e9a0bdc686edf0159cc0e501/artifacts/policy_briefing_benchmark/corpus_latest100/hwpxs/156754104.hwpx,,"KOGL Type 1 (공공누리 제1유형, attribution) for press-release text per korea.kr; images may belong to third parties; mirror repo is MIT (code). Not redistributed here.",2026-04-12,acf85f1c674be30c64cd179e1dd6ebe282300088d3ecbc5736059529ec0eeb29
koreakr-156754105,hwpx,ko,korea.kr press releases (via GovPress_PDF_MD corpus_latest100),국무조정실,https://www.korea.kr/briefing/pressReleaseView.do?newsId=156754105,https://raw.githubusercontent.com/wavelen-jw/GovPress_PDF_MD/ed432313a05c8717e9a0bdc686edf0159cc0e501/artifacts/policy_briefing_benchmark/corpus_latest100/hwpxs/156754105.hwpx,,"KOGL Type 1 (공공누리 제1유형, attribution) for press-release text per korea.kr; images may belong to third parties; mirror repo is MIT (code). Not redistributed here.",2026-04-12,e613f13cf4bb2c707a36ec19c87a01c5737811f5554522dc9132cc0548deeb57
koreakr-156754116,hwpx,ko,korea.kr press releases (via GovPress_PDF_MD corpus_latest100),재정경제부,https://www.korea.kr/briefing/pressReleaseView.do?newsId=156754116,https://raw.githubusercontent.com/wavelen-jw/GovPress_PDF_MD/ed432313a05c8717e9a0bdc686edf0159cc0e501/artifacts/policy_briefing_benchmark/corpus_latest100/hwpxs/156754116.hwpx,,"KOGL Type 1 (공공누리 제1유형, attribution) for press-release text per korea.kr; images may belong to third parties; mirror repo is MIT (code). Not redistributed here.",2026-04-12,16af1d57f52e2bb074aef4e09b8186d81c1f7a5003912c47d62c753288a3cb35
koreakr-156754117,hwpx,ko,korea.kr press releases (via GovPress_PDF_MD corpus_latest100),기후에너지환경부,https://www.korea.kr/briefing/pressReleaseView.do?newsId=156754117,https://raw.githubusercontent.com/wavelen-jw/GovPress_PDF_MD/ed432313a05c8717e9a0bdc686edf0159cc0e501/artifacts/policy_briefing_benchmark/corpus_latest100/hwpxs/156754117.hwpx,,"KOGL Type 1 (공공누리 제1유형, attribution) for press-release text per korea.kr; images may belong to third parties; mirror repo is MIT (code). Not redistributed here.",2026-04-13,2212fcdcdee30a6832b3df9d821f88660ce99a7856380e24f9f331b5f3fc9b8b
koreakr-156754119,hwpx,ko,korea.kr press releases (via GovPress_PDF_MD corpus_latest100),법무부,https://www.korea.kr/briefing/pressReleaseView.do?newsId=156754119,https://raw.githubusercontent.com/wavelen-jw/GovPress_PDF_MD/ed432313a05c8717e9a0bdc686edf0159cc0e501/artifacts/policy_briefing_benchmark/corpus_latest100/hwpxs/156754119.hwpx,,"KOGL Type 1 (공공누리 제1유형, attribution) for press-release text per korea.kr; images may belong to third parties; mirror repo is MIT (code). Not redistributed here.",2026-04-13,93c65b6877799224f40c187ae718c23256e4b11b9a6351fae9661c847411f85a
koreakr-156754120,hwpx,ko,korea.kr press releases (via GovPress_PDF_MD corpus_latest100),문화체육관광부,https://www.korea.kr/briefing/pressReleaseView.do?newsId=156754120,https://raw.githubusercontent.com/wavelen-jw/GovPress_PDF_MD/ed432313a05c8717e9a0bdc686edf0159cc0e501/artifacts/policy_briefing_benchmark/corpus_latest100/hwpxs/156754120.hwpx,,"KOGL Type 1 (공공누리 제1유형, attribution) for press-release text per korea.kr; images may belong to third parties; mirror repo is MIT (code). Not redistributed here.",2026-04-13,f1c186ae4a7f542121ccc8aa4d1b923be8e934e19818d7daa3500ed486510457
koreakr-156754121,hwpx,ko,korea.kr press releases (via GovPress_PDF_MD corpus_latest100),문화체육관광부,https://www.korea.kr/briefing/pressReleaseView.do?newsId=156754121,https://raw.githubusercontent.com/wavelen-jw/GovPress_PDF_MD/ed432313a05c8717e9a0bdc686edf0159cc0e501/artifacts/policy_briefing_benchmark/corpus_latest100/hwpxs/156754121.hwpx,,"KOGL Type 1 (공공누리 제1유형, attribution) for press-release text per korea.kr; images may belong to third parties; mirror repo is MIT (code). Not redistributed here.",2026-04-13,338a76aa6700a769a432795f59a003a032607f47ac4f57c533981d3e116ba310
koreakr-156754122,hwpx,ko,korea.kr press releases (via GovPress_PDF_MD corpus_latest100),문화체육관광부,https://www.korea.kr/briefing/pressReleaseView.do?newsId=156754122,https://raw.githubusercontent.com/wavelen-jw/GovPress_PDF_MD/ed432313a05c8717e9a0bdc686edf0159cc0e501/artifacts/policy_briefing_benchmark/corpus_latest100/hwpxs/156754122.hwpx,,"KOGL Type 1 (공공누리 제1유형, attribution) for press-release text per korea.kr; images may belong to third parties; mirror repo is MIT (code). Not redistributed here.",2026-04-13,bd6f2513c6439e1185fdf843f65fca14b7633806de9f596638beccb1abbea858
koreakr-156754124,hwpx,ko,korea.kr press releases (via GovPress_PDF_MD corpus_latest100),중소벤처기업부,https://www.korea.kr/briefing/pressReleaseView.do?newsId=156754124,https://raw.githubusercontent.com/wavelen-jw/GovPress_PDF_MD/ed432313a05c8717e9a0bdc686edf0159cc0e501/artifacts/policy_briefing_benchmark/corpus_latest100/hwpxs/156754124.hwpx,,"KOGL Type 1 (공공누리 제1유형, attribution) for press-release text per korea.kr; images may belong to third parties; mirror repo is MIT (code). Not redistributed here.",2026-04-13,7e8d95b94e0d44c52889de192ac8a1ed373291ffbfe207e29f5b859f4a711df3
koreakr-156754126,hwpx,ko,korea.kr press releases (via GovPress_PDF_MD corpus_latest100),산업통상부,https://www.korea.kr/briefing/pressReleaseView.do?newsId=156754126,https://raw.githubusercontent.com/wavelen-jw/GovPress_PDF_MD/ed432313a05c8717e9a0bdc686edf0159cc0e501/artifacts/policy_briefing_benchmark/corpus_latest100/hwpxs/156754126.hwpx,,"KOGL Type 1 (공공누리 제1유형, attribution) for press-release text per korea.kr; images may belong to third parties; mirror repo is MIT (code). Not redistributed here.",2026-04-13,71ff4e423c79750c40ed211ba06809932ba1063b484caade9f8e9c3e5537deb4
koreakr-156754128,hwpx,ko,korea.kr press releases (via GovPress_PDF_MD corpus_latest100),방위사업청,https://www.korea.kr/briefing/pressReleaseView.do?newsId=156754128,https://raw.githubusercontent.com/wavelen-jw/GovPress_PDF_MD/ed432313a05c8717e9a0bdc686edf0159cc0e501/artifacts/policy_briefing_benchmark/corpus_latest100/hwpxs/156754128.hwpx,,"KOGL Type 1 (공공누리 제1유형, attribution) for press-release text per korea.kr; images may belong to third parties; mirror repo is MIT (code). Not redistributed here.",2026-04-13,fcbedb3464ea89d56f1111d3ff9011be801709ba28ddb7c16ad92cc74afe7432
koreakr-156754129,hwpx,ko,korea.kr press releases (via GovPress_PDF_MD corpus_latest100),공정거래위원회,https://www.korea.kr/briefing/pressReleaseView.do?newsId=156754129,https://raw.githubusercontent.com/wavelen-jw/GovPress_PDF_MD/ed432313a05c8717e9a0bdc686edf0159cc0e501/artifacts/policy_briefing_benchmark/corpus_latest100/hwpxs/156754129.hwpx,,"KOGL Type 1 (공공누리 제1유형, attribution) for press-release text per korea.kr; images may belong to third parties; mirror repo is MIT (code). Not redistributed here.",2026-04-12,cb07fd7c89d85fdf51bb28473ec5777b5b3a2b3ec4857fea8fd84362a7cf19a9
koreakr-156754130,hwpx,ko,korea.kr press releases (via GovPress_PDF_MD corpus_latest100),해양수산부,https://www.korea.kr/briefing/pressReleaseView.do?newsId=156754130,https://raw.githubusercontent.com/wavelen-jw/GovPress_PDF_MD/ed432313a05c8717e9a0bdc686edf0159cc0e501/artifacts/policy_briefing_benchmark/corpus_latest100/hwpxs/156754130.hwpx,,"KOGL Type 1 (공공누리 제1유형, attribution) for press-release text per korea.kr; images may belong to third parties; mirror repo is MIT (code). Not redistributed here.",2026-04-13,971d3f021d8ebf036aca876e856a2ad3bfff71777f61aec47f0c267336cf2456
koreakr-156754131,hwpx,ko,korea.kr press releases (via GovPress_PDF_MD corpus_latest100),방위사업청,https://www.korea.kr/briefing/pressReleaseView.do?newsId=156754131,https://raw.githubusercontent.com/wavelen-jw/GovPress_PDF_MD/ed432313a05c8717e9a0bdc686edf0159cc0e501/artifacts/policy_briefing_benchmark/corpus_latest100/hwpxs/156754131.hwpx,,"KOGL Type 1 (공공누리 제1유형, attribution) for press-release text per korea.kr; images may belong to third parties; mirror repo is MIT (code). Not redistributed here.",2026-04-13,40143ffef104c3b6936fdad01d526bed4c3ef10df8bcaa060f984b790879e460
koreakr-156754132,hwpx,ko,korea.kr press releases (via GovPress_PDF_MD corpus_latest100),질병관리청,https://www.korea.kr/briefing/pressReleaseView.do?newsId=156754132,https://raw.githubusercontent.com/wavelen-jw/GovPress_PDF_MD/ed432313a05c8717e9a0bdc686edf0159cc0e501/artifacts/policy_briefing_benchmark/corpus_latest100/hwpxs/156754132.hwpx,,"KOGL Type 1 (공공누리 제1유형, attribution) for press-release text per korea.kr; images may belong to third parties; mirror repo is MIT (code). Not redistributed here.",2026-04-13,7a1915ca8641a403c7c78d793ac88d317cbaba1cff7afab335be3191c240eb6a
koreakr-156754133,hwpx,ko,korea.kr press releases (via GovPress_PDF_MD corpus_latest100),기후에너지환경부,https://www.korea.kr/briefing/pressReleaseView.do?newsId=156754133,https://raw.githubusercontent.com/wavelen-jw/GovPress_PDF_MD/ed432313a05c8717e9a0bdc686edf0159cc0e501/artifacts/policy_briefing_benchmark/corpus_latest100/hwpxs/156754133.hwpx,,"KOGL Type 1 (공공누리 제1유형, attribution) for press-release text per korea.kr; images may belong to third parties; mirror repo is MIT (code). Not redistributed here.",2026-04-10,a9ce7504d0940080db94357c79e028f6a410b3e838380f7f22c7b6142bf95475
koreakr-156754135,hwpx,ko,korea.kr press releases (via GovPress_PDF_MD corpus_latest100),행정안전부,https://www.korea.kr/briefing/pressReleaseView.do?newsId=156754135,https://raw.githubusercontent.com/wavelen-jw/GovPress_PDF_MD/ed432313a05c8717e9a0bdc686edf0159cc0e501/artifacts/policy_briefing_benchmark/corpus_latest100/hwpxs/156754135.hwpx,,"KOGL Type 1 (공공누리 제1유형, attribution) for press-release text per korea.kr; images may belong to third parties; mirror repo is MIT (code). Not redistributed here.",2026-04-13,c4f3584ab590c102023261f74ba39202dc47b01b0e659482d491cd94e1eb8b07
koreakr-156754137,hwpx,ko,korea.kr press releases (via GovPress_PDF_MD corpus_latest100),행정안전부,https://www.korea.kr/briefing/pressReleaseView.do?newsId=156754137,https://raw.githubusercontent.com/wavelen-jw/GovPress_PDF_MD/ed432313a05c8717e9a0bdc686edf0159cc0e501/artifacts/policy_briefing_benchmark/corpus_latest100/hwpxs/156754137.hwpx,,"KOGL Type 1 (공공누리 제1유형, attribution) for press-release text per korea.kr; images may belong to third parties; mirror repo is MIT (code). Not redistributed here.",2026-04-13,b5740560c76576dc66d9cefca84c96175c64b0b14fd1e05b527d6c470ab9f9a7
koreakr-156754139,hwpx,ko,korea.kr press releases (via GovPress_PDF_MD corpus_latest100),행정안전부,https://www.korea.kr/briefing/pressReleaseView.do?newsId=156754139,https://raw.githubusercontent.com/wavelen-jw/GovPress_PDF_MD/ed432313a05c8717e9a0bdc686edf0159cc0e501/artifacts/policy_briefing_benchmark/corpus_latest100/hwpxs/156754139.hwpx,,"KOGL Type 1 (공공누리 제1유형, attribution) for press-release text per korea.kr; images may belong to third parties; mirror repo is MIT (code). Not redistributed here.",2026-04-13,662686c948247f9462ccd7e3c4bdd5ed879c081faf1039ea288b3249ff003c04
koreakr-156754141,hwpx,ko,korea.kr press releases (via GovPress_PDF_MD corpus_latest100),행정안전부,https://www.korea.kr/briefing/pressReleaseView.do?newsId=156754141,https://raw.githubusercontent.com/wavelen-jw/GovPress_PDF_MD/ed432313a05c8717e9a0bdc686edf0159cc0e501/artifacts/policy_briefing_benchmark/corpus_latest100/hwpxs/156754141.hwpx,,"KOGL Type 1 (공공누리 제1유형, attribution) for press-release text per korea.kr; images may belong to third parties; mirror repo is MIT (code). Not redistributed here.",2026-04-12,2c88e8ec50b059439a9f94c641bc296bb523400523bca04f9213d541d0a3f71a
koreakr-156754142,hwpx,ko,korea.kr press releases (via GovPress_PDF_MD corpus_latest100),국민권익위원회,https://www.korea.kr/briefing/pressReleaseView.do?newsId=156754142,https://raw.githubusercontent.com/wavelen-jw/GovPress_PDF_MD/ed432313a05c8717e9a0bdc686edf0159cc0e501/artifacts/policy_briefing_benchmark/corpus_latest100/hwpxs/156754142.hwpx,,"KOGL Type 1 (공공누리 제1유형, attribution) for press-release text per korea.kr; images may belong to third parties; mirror repo is MIT (code). Not redistributed here.",2026-04-13,58ff5a50ba60a31e6fbc707662a9bf45fd436b85df38b803ac7d3972aa497f2a
koreakr-156754143,hwpx,ko,korea.kr press releases (via GovPress_PDF_MD corpus_latest100),국민권익위원회,https://www.korea.kr/briefing/pressReleaseView.do?newsId=156754143,https://raw.githubusercontent.com/wavelen-jw/GovPress_PDF_MD/ed432313a05c8717e9a0bdc686edf0159cc0e501/artifacts/policy_briefing_benchmark/corpus_latest100/hwpxs/156754143.hwpx,,"KOGL Type 1 (공공누리 제1유형, attribution) for press-release text per korea.kr; images may belong to third parties; mirror repo is MIT (code). Not redistributed here.",2026-04-13,3a12d72dba1848cb9179ecda83abc4d3dbb285482de9a7ca5d87aa49e1ea95a3
koreakr-156754144,hwpx,ko,korea.kr press releases (via GovPress_PDF_MD corpus_latest100),조달청,https://www.korea.kr/briefing/pressReleaseView.do?newsId=156754144,https://raw.githubusercontent.com/wavelen-jw/GovPress_PDF_MD/ed432313a05c8717e9a0bdc686edf0159cc0e501/artifacts/policy_briefing_benchmark/corpus_latest100/hwpxs/156754144.hwpx,,"KOGL Type 1 (공공누리 제1유형, attribution) for press-release text per korea.kr; images may belong to third parties; mirror repo is MIT (code). Not redistributed here.",2026-04-13,eae47ff560c78a23318094bf6b4928074723831b4ebd4a4725218349d036376c
koreakr-156754146,hwpx,ko,korea.kr press releases (via GovPress_PDF_MD corpus_latest100),산림청,https://www.korea.kr/briefing/pressReleaseView.do?newsId=156754146,https://raw.githubusercontent.com/wavelen-jw/GovPress_PDF_MD/ed432313a05c8717e9a0bdc686edf0159cc0e501/artifacts/policy_briefing_benchmark/corpus_latest100/hwpxs/156754146.hwpx,,"KOGL Type 1 (공공누리 제1유형, attribution) for press-release text per korea.kr; images may belong to third parties; mirror repo is MIT (code). Not redistributed here.",2026-04-13,c7adc38b79ab25c1431687a0bd178621f2be52a906513960599b07f8d8595339
koreakr-156754147,hwpx,ko,korea.kr press releases (via GovPress_PDF_MD corpus_latest100),관세청,https://www.korea.kr/briefing/pressReleaseView.do?newsId=156754147,https://raw.githubusercontent.com/wavelen-jw/GovPress_PDF_MD/ed432313a05c8717e9a0bdc686edf0159cc0e501/artifacts/policy_briefing_benchmark/corpus_latest100/hwpxs/156754147.hwpx,,"KOGL Type 1 (공공누리 제1유형, attribution) for press-release text per korea.kr; images may belong to third parties; mirror repo is MIT (code). Not redistributed here.",2026-04-13,72072ddac80e538ec3ac08f3925bd12345ce4e6c7538c9de41446272b3397444
koreakr-156754148,hwpx,ko,korea.kr press releases (via GovPress_PDF_MD corpus_latest100),지식재산처,https://www.korea.kr/briefing/pressReleaseView.do?newsId=156754148,https://raw.githubusercontent.com/wavelen-jw/GovPress_PDF_MD/ed432313a05c8717e9a0bdc686edf0159cc0e501/artifacts/policy_briefing_benchmark/corpus_latest100/hwpxs/156754148.hwpx,,"KOGL Type 1 (공공누리 제1유형, attribution) for press-release text per korea.kr; images may belong to third parties; mirror repo is MIT (code). Not redistributed here.",2026-04-13,5c5facb8e8f7697769dd6a60127ce6facf028cc7f723064d3909c166860450d5
koreakr-156754149,hwpx,ko,korea.kr press releases (via GovPress_PDF_MD corpus_latest100),금융위원회,https://www.korea.kr/briefing/pressReleaseView.do?newsId=156754149,https://raw.githubusercontent.com/wavelen-jw/GovPress_PDF_MD/ed432313a05c8717e9a0bdc686edf0159cc0e501/artifacts/policy_briefing_benchmark/corpus_latest100/hwpxs/156754149.hwpx,,"KOGL Type 1 (공공누리 제1유형, attribution) for press-release text per korea.kr; images may belong to third parties; mirror repo is MIT (code). Not redistributed here.",2026-04-13,558590f9ca59d4b7456317f8203a7d961a15e82fbef8d70fe440fbc056e448d3
koreakr-156754151,hwpx,ko,korea.kr press releases (via GovPress_PDF_MD corpus_latest100),질병관리청,https://www.korea.kr/briefing/pressReleaseView.do?newsId=156754151,https://raw.githubusercontent.com/wavelen-jw/GovPress_PDF_MD/ed432313a05c8717e9a0bdc686edf0159cc0e501/artifacts/policy_briefing_benchmark/corpus_latest100/hwpxs/156754151.hwpx,,"KOGL Type 1 (공공누리 제1유형, attribution) for press-release text per korea.kr; images may belong to third parties; mirror repo is MIT (code). Not redistributed here.",2026-04-13,8b3321bba5d9d460070ccb216744359050078d901b5590cc48496a625334e3f0
koreakr-156754154,hwpx,ko,korea.kr press releases (via GovPress_PDF_MD corpus_latest100),지식재산처,https://www.korea.kr/briefing/pressReleaseView.do?newsId=156754154,https://raw.githubusercontent.com/wavelen-jw/GovPress_PDF_MD/ed432313a05c8717e9a0bdc686edf0159cc0e501/artifacts/policy_briefing_benchmark/corpus_latest100/hwpxs/156754154.hwpx,,"KOGL Type 1 (공공누리 제1유형, attribution) for press-release text per korea.kr; images may belong to third parties; mirror repo is MIT (code). Not redistributed here.",2026-04-13,79dfceb42dd81b547fd20df4e7a0c7f6c62378306a7b019d1f0b934f61e66370
koreakr-156754155,hwpx,ko,korea.kr press releases (via GovPress_PDF_MD corpus_latest100),지식재산처,https://www.korea.kr/briefing/pressReleaseView.do?newsId=156754155,https://raw.githubusercontent.com/wavelen-jw/GovPress_PDF_MD/ed432313a05c8717e9a0bdc686edf0159cc0e501/artifacts/policy_briefing_benchmark/corpus_latest100/hwpxs/156754155.hwpx,,"KOGL Type 1 (공공누리 제1유형, attribution) for press-release text per korea.kr; images may belong to third parties; mirror repo is MIT (code). Not redistributed here.",2026-04-13,cb749f7143dfeee3c5b96cb802adb084df5e359c666f95c58cc64f513144307a
koreakr-156754178,hwpx,ko,korea.kr press releases (via GovPress_PDF_MD corpus_latest100),재정경제부,https://www.korea.kr/briefing/pressReleaseView.do?newsId=156754178,https://raw.githubusercontent.com/wavelen-jw/GovPress_PDF_MD/ed432313a05c8717e9a0bdc686edf0159cc0e501/artifacts/policy_briefing_benchmark/corpus_latest100/hwpxs/156754178.hwpx,,"KOGL Type 1 (공공누리 제1유형, attribution) for press-release text per korea.kr; images may belong to third parties; mirror repo is MIT (code). Not redistributed here.",2026-04-13,158baeaa5de62702b49c9ce37db4986b5d2a747a2a6a2cc82e50ee6b51383e52
koreakr-156754180,hwpx,ko,korea.kr press releases (via GovPress_PDF_MD corpus_latest100),고용노동부,https://www.korea.kr/briefing/pressReleaseView.do?newsId=156754180,https://raw.githubusercontent.com/wavelen-jw/GovPress_PDF_MD/ed432313a05c8717e9a0bdc686edf0159cc0e501/artifacts/policy_briefing_benchmark/corpus_latest100/hwpxs/156754180.hwpx,,"KOGL Type 1 (공공누리 제1유형, attribution) for press-release text per korea.kr; images may belong to third parties; mirror repo is MIT (code). Not redistributed here.",2026-04-13,c2aa817b1c77a0944d5d060cad84d85d96ce208b045b8656d5840330506aff9d
koreakr-156754181,hwpx,ko,korea.kr press releases (via GovPress_PDF_MD corpus_latest100),원자력안전위원회,https://www.korea.kr/briefing/pressReleaseView.do?newsId=156754181,https://raw.githubusercontent.com/wavelen-jw/GovPress_PDF_MD/ed432313a05c8717e9a0bdc686edf0159cc0e501/artifacts/policy_briefing_benchmark/corpus_latest100/hwpxs/156754181.hwpx,,"KOGL Type 1 (공공누리 제1유형, attribution) for press-release text per korea.kr; images may belong to third parties; mirror repo is MIT (code). Not redistributed here.",2026-04-13,dd04475fb52c4c7bded6ddb14ebfcbe336499e246333ebec7aad3f07f1787fc1
koreakr-156754182,hwpx,ko,korea.kr press releases (via GovPress_PDF_MD corpus_latest100),개인정보보호위원회,https://www.korea.kr/briefing/pressReleaseView.do?newsId=156754182,https://raw.githubusercontent.com/wavelen-jw/GovPress_PDF_MD/ed432313a05c8717e9a0bdc686edf0159cc0e501/artifacts/policy_briefing_benchmark/corpus_latest100/hwpxs/156754182.hwpx,,"KOGL Type 1 (공공누리 제1유형, attribution) for press-release text per korea.kr; images may belong to third parties; mirror repo is MIT (code). Not redistributed here.",2026-04-13,ce1349fd845304b3a72f3382c8c18e88843d6a759db8c85839d767e6812c479c
koreakr-156754183,hwpx,ko,korea.kr press releases (via GovPress_PDF_MD corpus_latest100),경찰청,https://www.korea.kr/briefing/pressReleaseView.do?newsId=156754183,https://raw.githubusercontent.com/wavelen-jw/GovPress_PDF_MD/ed432313a05c8717e9a0bdc686edf0159cc0e501/artifacts/policy_briefing_benchmark/corpus_latest100/hwpxs/156754183.hwpx,,"KOGL Type 1 (공공누리 제1유형, attribution) for press-release text per korea.kr; images may belong to third parties; mirror repo is MIT (code). Not redistributed here.",2026-04-13,0e12c2c3001a16ea33614a0b506ad83f862e141539274cb9ae80cb11d36e844a
koreakr-156754185,hwpx,ko,korea.kr press releases (via GovPress_PDF_MD corpus_latest100),방송미디어통신위원회,https://www.korea.kr/briefing/pressReleaseView.do?newsId=156754185,https://raw.githubusercontent.com/wavelen-jw/GovPress_PDF_MD/ed432313a05c8717e9a0bdc686edf0159cc0e501/artifacts/policy_briefing_benchmark/corpus_latest100/hwpxs/156754185.hwpx,,"KOGL Type 1 (공공누리 제1유형, attribution) for press-release text per korea.kr; images may belong to third parties; mirror repo is MIT (code). Not redistributed here.",2026-04-13,5bfd558bc7b6a5ee8a792fe88dbf97419e1192c77e781c02a54f1960789ae59d
koreakr-156754187,hwpx,ko,korea.kr press releases (via GovPress_PDF_MD corpus_latest100),고용노동부,https://www.korea.kr/briefing/pressReleaseView.do?newsId=156754187,https://raw.githubusercontent.com/wavelen-jw/GovPress_PDF_MD/ed432313a05c8717e9a0bdc686edf0159cc0e501/artifacts/policy_briefing_benchmark/corpus_latest100/hwpxs/156754187.hwpx,,"KOGL Type 1 (공공누리 제1유형, attribution) for press-release text per korea.kr; images may belong to third parties; mirror repo is MIT (code). Not redistributed here.",2026-04-13,a23f4b36e635b282a10316b44b22710a605c752a3cae497c08d4c1fff19b99cc
koreakr-156754188,hwpx,ko,korea.kr press releases (via GovPress_PDF_MD corpus_latest100),고용노동부,https://www.korea.kr/briefing/pressReleaseView.do?newsId=156754188,https://raw.githubusercontent.com/wavelen-jw/GovPress_PDF_MD/ed432313a05c8717e9a0bdc686edf0159cc0e501/artifacts/policy_briefing_benchmark/corpus_latest100/hwpxs/156754188.hwpx,,"KOGL Type 1 (공공누리 제1유형, attribution) for press-release text per korea.kr; images may belong to third parties; mirror repo is MIT (code). Not redistributed here.",2026-04-13,2521cc091d30e6628a17961440838ac9dd9e6989da4ca43a929ac3d969bc4adb
koreakr-156754189,hwpx,ko,korea.kr press releases (via GovPress_PDF_MD corpus_latest100),고용노동부,https://www.korea.kr/briefing/pressReleaseView.do?newsId=156754189,https://raw.githubusercontent.com/wavelen-jw/GovPress_PDF_MD/ed432313a05c8717e9a0bdc686edf0159cc0e501/artifacts/policy_briefing_benchmark/corpus_latest100/hwpxs/156754189.hwpx,,"KOGL Type 1 (공공누리 제1유형, attribution) for press-release text per korea.kr; images may belong to third parties; mirror repo is MIT (code). Not redistributed here.",2026-04-13,947dcdeacac5fd4ac97b49ddc0ea6ddcd82550c479c2d37a3d3fcb7e196c680d
koreakr-156754190,hwpx,ko,korea.kr press releases (via GovPress_PDF_MD corpus_latest100),고용노동부,https://www.korea.kr/briefing/pressReleaseView.do?newsId=156754190,https://raw.githubusercontent.com/wavelen-jw/GovPress_PDF_MD/ed432313a05c8717e9a0bdc686edf0159cc0e501/artifacts/policy_briefing_benchmark/corpus_latest100/hwpxs/156754190.hwpx,,"KOGL Type 1 (공공누리 제1유형, attribution) for press-release text per korea.kr; images may belong to third parties; mirror repo is MIT (code). Not redistributed here.",2026-04-13,4de8c8b9da09cc3dfb8bb2372dd75e9de1b07a848f0d4a1518da6ceb168aba08
koreakr-156754191,hwpx,ko,korea.kr press releases (via GovPress_PDF_MD corpus_latest100),고용노동부,https://www.korea.kr/briefing/pressReleaseView.do?newsId=156754191,https://raw.githubusercontent.com/wavelen-jw/GovPress_PDF_MD/ed432313a05c8717e9a0bdc686edf0159cc0e501/artifacts/policy_briefing_benchmark/corpus_latest100/hwpxs/156754191.hwpx,,"KOGL Type 1 (공공누리 제1유형, attribution) for press-release text per korea.kr; images may belong to third parties; mirror repo is MIT (code). Not redistributed here.",2026-04-13,f168f405cbdb6be6a78a20f8884ed888c04ea54631d7e23bec5e1abddff468be
koreakr-156754194,hwpx,ko,korea.kr press releases (via GovPress_PDF_MD corpus_latest100),중소벤처기업부,https://www.korea.kr/briefing/pressReleaseView.do?newsId=156754194,https://raw.githubusercontent.com/wavelen-jw/GovPress_PDF_MD/ed432313a05c8717e9a0bdc686edf0159cc0e501/artifacts/policy_briefing_benchmark/corpus_latest100/hwpxs/156754194.hwpx,,"KOGL Type 1 (공공누리 제1유형, attribution) for press-release text per korea.kr; images may belong to third parties; mirror repo is MIT (code). Not redistributed here.",2026-04-13,af7f7465e754c6f6abafa8c89df72bc747a70c6fd32ec5f9b616c077a6205ed6
koreakr-156754205,hwpx,ko,korea.kr press releases (via GovPress_PDF_MD corpus_latest100),국가보훈부,https://www.korea.kr/briefing/pressReleaseView.do?newsId=156754205,https://raw.githubusercontent.com/wavelen-jw/GovPress_PDF_MD/ed432313a05c8717e9a0bdc686edf0159cc0e501/artifacts/policy_briefing_benchmark/corpus_latest100/hwpxs/156754205.hwpx,,"KOGL Type 1 (공공누리 제1유형, attribution) for press-release text per korea.kr; images may belong to third parties; mirror repo is MIT (code). Not redistributed here.",2026-04-13,e35aeca82a1703c3cfe7682b3640662babaab7e0ac1fd73be08275cc38e0f5fd
koreakr-156754206,hwpx,ko,korea.kr press releases (via GovPress_PDF_MD corpus_latest100),국가보훈부,https://www.korea.kr/briefing/pressReleaseView.do?newsId=156754206,https://raw.githubusercontent.com/wavelen-jw/GovPress_PDF_MD/ed432313a05c8717e9a0bdc686edf0159cc0e501/artifacts/policy_briefing_benchmark/corpus_latest100/hwpxs/156754206.hwpx,,"KOGL Type 1 (공공누리 제1유형, attribution) for press-release text per korea.kr; images may belong to third parties; mirror repo is MIT (code). Not redistributed here.",2026-04-13,93f63161ba3d86022bafa8b888c01edaebb5dd5f2fa55aeda58b554b33462c81
koreakr-156754209,hwpx,ko,korea.kr press releases (via GovPress_PDF_MD corpus_latest100),농림축산식품부,https://www.korea.kr/briefing/pressReleaseView.do?newsId=156754209,https://raw.githubusercontent.com/wavelen-jw/GovPress_PDF_MD/ed432313a05c8717e9a0bdc686edf0159cc0e501/artifacts/policy_briefing_benchmark/corpus_latest100/hwpxs/156754209.hwpx,,"KOGL Type 1 (공공누리 제1유형, attribution) for press-release text per korea.kr; images may belong to third parties; mirror repo is MIT (code). Not redistributed here.",2026-04-13,71c697c6d6bdcddc3b08e75ae87359c24673df886a6bb03e4f4bdb0768e0b6b5
koreakr-156754210,hwpx,ko,korea.kr press releases (via GovPress_PDF_MD corpus_latest100),국토교통부,https://www.korea.kr/briefing/pressReleaseView.do?newsId=156754210,https://raw.githubusercontent.com/wavelen-jw/GovPress_PDF_MD/ed432313a05c8717e9a0bdc686edf0159cc0e501/artifacts/policy_briefing_benchmark/corpus_latest100/hwpxs/156754210.hwpx,,"KOGL Type 1 (공공누리 제1유형, attribution) for press-release text per korea.kr; images may belong to third parties; mirror repo is MIT (code). Not redistributed here.",2026-04-13,d0974c2de57193e476c56d5d42d0eba439a19ce95593884f8bc064979486f348
koreakr-156754211,hwpx,ko,korea.kr press releases (via GovPress_PDF_MD corpus_latest100),법무부,https://www.korea.kr/briefing/pressReleaseView.do?newsId=156754211,https://raw.githubusercontent.com/wavelen-jw/GovPress_PDF_MD/ed432313a05c8717e9a0bdc686edf0159cc0e501/artifacts/policy_briefing_benchmark/corpus_latest100/hwpxs/156754211.hwpx,,"KOGL Type 1 (공공누리 제1유형, attribution) for press-release text per korea.kr; images may belong to third parties; mirror repo is MIT (code). Not redistributed here.",2026-04-13,9df473eb47b75bec7ae332c80f7d5c6d790b4236e50803ff2411c41978922548
koreakr-156754212,hwpx,ko,korea.kr press releases (via GovPress_PDF_MD corpus_latest100),국가유산청,https://www.korea.kr/briefing/pressReleaseView.do?newsId=156754212,https://raw.githubusercontent.com/wavelen-jw/GovPress_PDF_MD/ed432313a05c8717e9a0bdc686edf0159cc0e501/artifacts/policy_briefing_benchmark/corpus_latest100/hwpxs/156754212.hwpx,,"KOGL Type 1 (공공누리 제1유형, attribution) for press-release text per korea.kr; images may belong to third parties; mirror repo is MIT (code). Not redistributed here.",2026-04-13,95247d8de8c3888b1602ee3f2fdbda14af58295c459b54bf33adb67dc364c8ae
koreakr-156754214,hwpx,ko,korea.kr press releases (via GovPress_PDF_MD corpus_latest100),국가유산청,https://www.korea.kr/briefing/pressReleaseView.do?newsId=156754214,https://raw.githubusercontent.com/wavelen-jw/GovPress_PDF_MD/ed432313a05c8717e9a0bdc686edf0159cc0e501/artifacts/policy_briefing_benchmark/corpus_latest100/hwpxs/156754214.hwpx,,"KOGL Type 1 (공공누리 제1유형, attribution) for press-release text per korea.kr; images may belong to third parties; mirror repo is MIT (code). Not redistributed here.",2026-04-13,7f8b4af3827611aac16ef3c85bf1d423fa2d7e9d6e16aa8defbababac6e0ad18
koreakr-156754216,hwpx,ko,korea.kr press releases (via GovPress_PDF_MD corpus_latest100),국가유산청,https://www.korea.kr/briefing/pressReleaseView.do?newsId=156754216,https://raw.githubusercontent.com/wavelen-jw/GovPress_PDF_MD/ed432313a05c8717e9a0bdc686edf0159cc0e501/artifacts/policy_briefing_benchmark/corpus_latest100/hwpxs/156754216.hwpx,,"KOGL Type 1 (공공누리 제1유형, attribution) for press-release text per korea.kr; images may belong to third parties; mirror repo is MIT (code). Not redistributed here.",2026-04-13,7d6f6288886900495f283819327f363aa2b4151519fb0323620da7cc6de56015
koreakr-156754222,hwpx,ko,korea.kr press releases (via GovPress_PDF_MD corpus_latest100),국가유산청,https://www.korea.kr/briefing/pressReleaseView.do?newsId=156754222,https://raw.githubusercontent.com/wavelen-jw/GovPress_PDF_MD/ed432313a05c8717e9a0bdc686edf0159cc0e501/artifacts/policy_briefing_benchmark/corpus_latest100/hwpxs/156754222.hwpx,,"KOGL Type 1 (공공누리 제1유형, attribution) for press-release text per korea.kr; images may belong to third parties; mirror repo is MIT (code). Not redistributed here.",2026-04-13,5badca160139540f41f14788024efac9e9940d9ca7ea0a556e02f383aca835b5
koreakr-156754228,hwpx,ko,korea.kr press releases (via GovPress_PDF_MD corpus_latest100),공정거래위원회,https://www.korea.kr/briefing/pressReleaseView.do?newsId=156754228,https://raw.githubusercontent.com/wavelen-jw/GovPress_PDF_MD/ed432313a05c8717e9a0bdc686edf0159cc0e501/artifacts/policy_briefing_benchmark/corpus_latest100/hwpxs/156754228.hwpx,,"KOGL Type 1 (공공누리 제1유형, attribution) for press-release text per korea.kr; images may belong to third parties; mirror repo is MIT (code). Not redistributed here.",2026-04-13,e3d8cd25fed30372582e8d576f41d01abb7d3e6eccfc9d8573e86934a5d35a1e
koreakr-156754235,hwpx,ko,korea.kr press releases (via GovPress_PDF_MD corpus_latest100),질병관리청,https://www.korea.kr/briefing/pressReleaseView.do?newsId=156754235,https://raw.githubusercontent.com/wavelen-jw/GovPress_PDF_MD/ed432313a05c8717e9a0bdc686edf0159cc0e501/artifacts/policy_briefing_benchmark/corpus_latest100/hwpxs/156754235.hwpx,,"KOGL Type 1 (공공누리 제1유형, attribution) for press-release text per korea.kr; images may belong to third parties; mirror repo is MIT (code). Not redistributed here.",2026-04-13,5957dd7f81972fc3ecf459181368bc42bb6a85357598b6ac4f4db111300ce874
koreakr-156754237,hwpx,ko,korea.kr press releases (via GovPress_PDF_MD corpus_latest100),인사혁신처,https://www.korea.kr/briefing/pressReleaseView.do?newsId=156754237,https://raw.githubusercontent.com/wavelen-jw/GovPress_PDF_MD/ed432313a05c8717e9a0bdc686edf0159cc0e501/artifacts/policy_briefing_benchmark/corpus_latest100/hwpxs/156754237.hwpx,,"KOGL Type 1 (공공누리 제1유형, attribution) for press-release text per korea.kr; images may belong to third parties; mirror repo is MIT (code). Not redistributed here.",2026-04-13,0f7c56a672306da05e2fa11905a94957e895f3064a55115e61004c6d304a7c5f
koreakr-156754238,hwpx,ko,korea.kr press releases (via GovPress_PDF_MD corpus_latest100),기후에너지환경부,https://www.korea.kr/briefing/pressReleaseView.do?newsId=156754238,https://raw.githubusercontent.com/wavelen-jw/GovPress_PDF_MD/ed432313a05c8717e9a0bdc686edf0159cc0e501/artifacts/policy_briefing_benchmark/corpus_latest100/hwpxs/156754238.hwpx,,"KOGL Type 1 (공공누리 제1유형, attribution) for press-release text per korea.kr; images may belong to third parties; mirror repo is MIT (code). Not redistributed here.",2026-04-13,4687fdd8e8044d1f118899e8d758ed17a76e8c08f0a686efde5121e27ac6679f
koreakr-156754239,hwpx,ko,korea.kr press releases (via GovPress_PDF_MD corpus_latest100),기후에너지환경부,https://www.korea.kr/briefing/pressReleaseView.do?newsId=156754239,https://raw.githubusercontent.com/wavelen-jw/GovPress_PDF_MD/ed432313a05c8717e9a0bdc686edf0159cc0e501/artifacts/policy_briefing_benchmark/corpus_latest100/hwpxs/156754239.hwpx,,"KOGL Type 1 (공공누리 제1유형, attribution) for press-release text per korea.kr; images may belong to third parties; mirror repo is MIT (code). Not redistributed here.",2026-04-13,f805f5aa61b2a84c0d8b81a551fc213b3c26105f7f801785eeb64c24ea172cfe
koreakr-156754241,hwpx,ko,korea.kr press releases (via GovPress_PDF_MD corpus_latest100),행정안전부,https://www.korea.kr/briefing/pressReleaseView.do?newsId=156754241,https://raw.githubusercontent.com/wavelen-jw/GovPress_PDF_MD/ed432313a05c8717e9a0bdc686edf0159cc0e501/artifacts/policy_briefing_benchmark/corpus_latest100/hwpxs/156754241.hwpx,,"KOGL Type 1 (공공누리 제1유형, attribution) for press-release text per korea.kr; images may belong to third parties; mirror repo is MIT (code). Not redistributed here.",2026-04-13,0343db09d42c6170a9a82c82b041b53e733742bdcc2b9ba2d6b6956634f334e9
koreakr-156754244,hwpx,ko,korea.kr press releases (via GovPress_PDF_MD corpus_latest100),성평등가족부,https://www.korea.kr/briefing/pressReleaseView.do?newsId=156754244,https://raw.githubusercontent.com/wavelen-jw/GovPress_PDF_MD/ed432313a05c8717e9a0bdc686edf0159cc0e501/artifacts/policy_briefing_benchmark/corpus_latest100/hwpxs/156754244.hwpx,,"KOGL Type 1 (공공누리 제1유형, attribution) for press-release text per korea.kr; images may belong to third parties; mirror repo is MIT (code). Not redistributed here.",2026-04-13,59b06be7a87dc3f0d392177bbb85b53576e23e74254b2f93f771765632ad8f83
koreakr-156754246,hwpx,ko,korea.kr press releases (via GovPress_PDF_MD corpus_latest100),기후에너지환경부,https://www.korea.kr/briefing/pressReleaseView.do?newsId=156754246,https://raw.githubusercontent.com/wavelen-jw/GovPress_PDF_MD/ed432313a05c8717e9a0bdc686edf0159cc0e501/artifacts/policy_briefing_benchmark/corpus_latest100/hwpxs/156754246.hwpx,,"KOGL Type 1 (공공누리 제1유형, attribution) for press-release text per korea.kr; images may belong to third parties; mirror repo is MIT (code). Not redistributed here.",2026-04-13,857a1d247df6e663d2af65c995ecb6e7a57a547698634f801d5f6cb272ce7893
koreakr-156754248,hwpx,ko,korea.kr press releases (via GovPress_PDF_MD corpus_latest100),산림청,https://www.korea.kr/briefing/pressReleaseView.do?newsId=156754248,https://raw.githubusercontent.com/wavelen-jw/GovPress_PDF_MD/ed432313a05c8717e9a0bdc686edf0159cc0e501/artifacts/policy_briefing_benchmark/corpus_latest100/hwpxs/156754248.hwpx,,"KOGL Type 1 (공공누리 제1유형, attribution) for press-release text per korea.kr; images may belong to third parties; mirror repo is MIT (code). Not redistributed here.",2026-04-13,0aa7cff7c0bc70720d1f86ddc1b02cc2804986c903433bbdb59fc4887386cebb
koreakr-156754249,hwpx,ko,korea.kr press releases (via GovPress_PDF_MD corpus_latest100),관세청,https://www.korea.kr/briefing/pressReleaseView.do?newsId=156754249,https://raw.githubusercontent.com/wavelen-jw/GovPress_PDF_MD/ed432313a05c8717e9a0bdc686edf0159cc0e501/artifacts/policy_briefing_benchmark/corpus_latest100/hwpxs/156754249.hwpx,,"KOGL Type 1 (공공누리 제1유형, attribution) for press-release text per korea.kr; images may belong to third parties; mirror repo is MIT (code). Not redistributed here.",2026-04-13,1b9099ed081371c3f197b8bd19710f7a1dc4c666d318d42da9df34603dadb940
koreakr-156754250,hwpx,ko,korea.kr press releases (via GovPress_PDF_MD corpus_latest100),관세청,https://www.korea.kr/briefing/pressReleaseView.do?newsId=156754250,https://raw.githubusercontent.com/wavelen-jw/GovPress_PDF_MD/ed432313a05c8717e9a0bdc686edf0159cc0e501/artifacts/policy_briefing_benchmark/corpus_latest100/hwpxs/156754250.hwpx,,"KOGL Type 1 (공공누리 제1유형, attribution) for press-release text per korea.kr; images may belong to third parties; mirror repo is MIT (code). Not redistributed here.",2026-04-13,2d30cddbbe1ceb918183c4d8689c99845f8ede3e329add39e39e623394f504c3
koreakr-156754251,hwpx,ko,korea.kr press releases (via GovPress_PDF_MD corpus_latest100),행정중심복합도시건설청,https://www.korea.kr/briefing/pressReleaseView.do?newsId=156754251,https://raw.githubusercontent.com/wavelen-jw/GovPress_PDF_MD/ed432313a05c8717e9a0bdc686edf0159cc0e501/artifacts/policy_briefing_benchmark/corpus_latest100/hwpxs/156754251.hwpx,,"KOGL Type 1 (공공누리 제1유형, attribution) for press-release text per korea.kr; images may belong to third parties; mirror repo is MIT (code). Not redistributed here.",2026-04-13,b7ddfb983ae55bb3f84da171342c7467b96c6e5d704494c70e26aba6ddc73efb
koreakr-156754252,hwpx,ko,korea.kr press releases (via GovPress_PDF_MD corpus_latest100),고용노동부,https://www.korea.kr/briefing/pressReleaseView.do?newsId=156754252,https://raw.githubusercontent.com/wavelen-jw/GovPress_PDF_MD/ed432313a05c8717e9a0bdc686edf0159cc0e501/artifacts/policy_briefing_benchmark/corpus_latest100/hwpxs/156754252.hwpx,,"KOGL Type 1 (공공누리 제1유형, attribution) for press-release text per korea.kr; images may belong to third parties; mirror repo is MIT (code). Not redistributed here.",2026-04-13,dc5b4f89956ddd4ff0003018b58cde53e1dcd01de6dfc7ed654f9bbdc36a64ad
koreakr-156754253,hwpx,ko,korea.kr press releases (via GovPress_PDF_MD corpus_latest100),고용노동부,https://www.korea.kr/briefing/pressReleaseView.do?newsId=156754253,https://raw.githubusercontent.com/wavelen-jw/GovPress_PDF_MD/ed432313a05c8717e9a0bdc686edf0159cc0e501/artifacts/policy_briefing_benchmark/corpus_latest100/hwpxs/156754253.hwpx,,"KOGL Type 1 (공공누리 제1유형, attribution) for press-release text per korea.kr; images may belong to third parties; mirror repo is MIT (code). Not redistributed here.",2026-04-13,1357874bcafde3f1ea784573c03b5ab6c5499bbbd74b5ddc3e6932990fbcea07
koreakr-156754256,hwpx,ko,korea.kr press releases (via GovPress_PDF_MD corpus_latest100),경찰청,https://www.korea.kr/briefing/pressReleaseView.do?newsId=156754256,https://raw.githubusercontent.com/wavelen-jw/GovPress_PDF_MD/ed432313a05c8717e9a0bdc686edf0159cc0e501/artifacts/policy_briefing_benchmark/corpus_latest100/hwpxs/156754256.hwpx,,"KOGL Type 1 (공공누리 제1유형, attribution) for press-release text per korea.kr; images may belong to third parties; mirror repo is MIT (code). Not redistributed here.",2026-04-13,2c3ec5bfcc74aa23b1b37182569e8ba5a3c2a1075016cdaaf2c8bfc2d2a48a01
koreakr-156754259,hwpx,ko,korea.kr press releases (via GovPress_PDF_MD corpus_latest100),중소벤처기업부,https://www.korea.kr/briefing/pressReleaseView.do?newsId=156754259,https://raw.githubusercontent.com/wavelen-jw/GovPress_PDF_MD/ed432313a05c8717e9a0bdc686edf0159cc0e501/artifacts/policy_briefing_benchmark/corpus_latest100/hwpxs/156754259.hwpx,,"KOGL Type 1 (공공누리 제1유형, attribution) for press-release text per korea.kr; images may belong to third parties; mirror repo is MIT (code). Not redistributed here.",2026-04-13,542bc3fe1fff3c63a3082881d28d339d34b88ef536d0a75132e8d03e11ff26e6
koreakr-156754261,hwpx,ko,korea.kr press releases (via GovPress_PDF_MD corpus_latest100),농림축산식품부,https://www.korea.kr/briefing/pressReleaseView.do?newsId=156754261,https://raw.githubusercontent.com/wavelen-jw/GovPress_PDF_MD/ed432313a05c8717e9a0bdc686edf0159cc0e501/artifacts/policy_briefing_benchmark/corpus_latest100/hwpxs/156754261.hwpx,,"KOGL Type 1 (공공누리 제1유형, attribution) for press-release text per korea.kr; images may belong to third parties; mirror repo is MIT (code). Not redistributed here.",2026-04-13,a833996a30ff23acbc811265b483ac4e0ab1eaed12c11420810631f8a60aa431
koreakr-156754263,hwpx,ko,korea.kr press releases (via GovPress_PDF_MD corpus_latest100),산림청,https://www.korea.kr/briefing/pressReleaseView.do?newsId=156754263,https://raw.githubusercontent.com/wavelen-jw/GovPress_PDF_MD/ed432313a05c8717e9a0bdc686edf0159cc0e501/artifacts/policy_briefing_benchmark/corpus_latest100/hwpxs/156754263.hwpx,,"KOGL Type 1 (공공누리 제1유형, attribution) for press-release text per korea.kr; images may belong to third parties; mirror repo is MIT (code). Not redistributed here.",2026-04-13,1b29ead978466123d1fe46bc6386024bc4345306ef55ee6bbb6158897e07afda
koreakr-156754265,hwpx,ko,korea.kr press releases (via GovPress_PDF_MD corpus_latest100),행정안전부,https://www.korea.kr/briefing/pressReleaseView.do?newsId=156754265,https://raw.githubusercontent.com/wavelen-jw/GovPress_PDF_MD/ed432313a05c8717e9a0bdc686edf0159cc0e501/artifacts/policy_briefing_benchmark/corpus_latest100/hwpxs/156754265.hwpx,,"KOGL Type 1 (공공누리 제1유형, attribution) for press-release text per korea.kr; images may belong to third parties; mirror repo is MIT (code). Not redistributed here.",2026-04-13,1c83c8a0e6455c62bdff25bf8842dcb1afe12924ed06af0708a2d30435216885
koreakr-156754266,hwpx,ko,korea.kr press releases (via GovPress_PDF_MD corpus_latest100),국무조정실,https://www.korea.kr/briefing/pressReleaseView.do?newsId=156754266,https://raw.githubusercontent.com/wavelen-jw/GovPress_PDF_MD/ed432313a05c8717e9a0bdc686edf0159cc0e501/artifacts/policy_briefing_benchmark/corpus_latest100/hwpxs/156754266.hwpx,,"KOGL Type 1 (공공누리 제1유형, attribution) for press-release text per korea.kr; images may belong to third parties; mirror repo is MIT (code). Not redistributed here.",2026-04-13,0dd8904a16fc9a326d517061ee4a35c44aaee376314ed5e307c370bc6a3d1079
koreakr-156754267,hwpx,ko,korea.kr press releases (via GovPress_PDF_MD corpus_latest100),조달청,https://www.korea.kr/briefing/pressReleaseView.do?newsId=156754267,https://raw.githubusercontent.com/wavelen-jw/GovPress_PDF_MD/ed432313a05c8717e9a0bdc686edf0159cc0e501/artifacts/policy_briefing_benchmark/corpus_latest100/hwpxs/156754267.hwpx,,"KOGL Type 1 (공공누리 제1유형, attribution) for press-release text per korea.kr; images may belong to third parties; mirror repo is MIT (code). Not redistributed here.",2026-04-13,06adf70442a7c428f4f9b733b91356ea35ebb8c23e1bec554a5763356f92c561
koreakr-156754275,hwpx,ko,korea.kr press releases (via GovPress_PDF_MD corpus_latest100),재정경제부,https://www.korea.kr/briefing/pressReleaseView.do?newsId=156754275,https://raw.githubusercontent.com/wavelen-jw/GovPress_PDF_MD/ed432313a05c8717e9a0bdc686edf0159cc0e501/artifacts/policy_briefing_benchmark/corpus_latest100/hwpxs/156754275.hwpx,,"KOGL Type 1 (공공누리 제1유형, attribution) for press-release text per korea.kr; images may belong to third parties; mirror repo is MIT (code). Not redistributed here.",2026-04-13,48eb6f3e02bb1c0abe51c8927c35dfc336067e4a7d746ee03b60e9e3cb8334a5
koreakr-156754277,hwpx,ko,korea.kr press releases (via GovPress_PDF_MD corpus_latest100),기상청,https://www.korea.kr/briefing/pressReleaseView.do?newsId=156754277,https://raw.githubusercontent.com/wavelen-jw/GovPress_PDF_MD/ed432313a05c8717e9a0bdc686edf0159cc0e501/artifacts/policy_briefing_benchmark/corpus_latest100/hwpxs/156754277.hwpx,,"KOGL Type 1 (공공누리 제1유형, attribution) for press-release text per korea.kr; images may belong to third parties; mirror repo is MIT (code). Not redistributed here.",2026-04-13,9f82b8dd6c706ee9e726d01831bc25048f7f40d648fcbefad55222abb5bede53
koreakr-156754278,hwpx,ko,korea.kr press releases (via GovPress_PDF_MD corpus_latest100),농림축산식품부,https://www.korea.kr/briefing/pressReleaseView.do?newsId=156754278,https://raw.githubusercontent.com/wavelen-jw/GovPress_PDF_MD/ed432313a05c8717e9a0bdc686edf0159cc0e501/artifacts/policy_briefing_benchmark/corpus_latest100/hwpxs/156754278.hwpx,,"KOGL Type 1 (공공누리 제1유형, attribution) for press-release text per korea.kr; images may belong to third parties; mirror repo is MIT (code). Not redistributed here.",2026-04-13,5f5e234f935c2759b153240f23ae981c040e4d7f44322e702d8bdc0808e66fb5
koreakr-156754279,hwpx,ko,korea.kr press releases (via GovPress_PDF_MD corpus_latest100),농림축산식품부,https://www.korea.kr/briefing/pressReleaseView.do?newsId=156754279,https://raw.githubusercontent.com/wavelen-jw/GovPress_PDF_MD/ed432313a05c8717e9a0bdc686edf0159cc0e501/artifacts/policy_briefing_benchmark/corpus_latest100/hwpxs/156754279.hwpx,,"KOGL Type 1 (공공누리 제1유형, attribution) for press-release text per korea.kr; images may belong to third parties; mirror repo is MIT (code). Not redistributed here.",2026-04-13,cbcd5fccb1949032873f3a2c461d020924ed1e4edf5b069d5996ef2dc1619024
koreakr-156754280,hwpx,ko,korea.kr press releases (via GovPress_PDF_MD corpus_latest100),해양수산부,https://www.korea.kr/briefing/pressReleaseView.do?newsId=156754280,https://raw.githubusercontent.com/wavelen-jw/GovPress_PDF_MD/ed432313a05c8717e9a0bdc686edf0159cc0e501/artifacts/policy_briefing_benchmark/corpus_latest100/hwpxs/156754280.hwpx,,"KOGL Type 1 (공공누리 제1유형, attribution) for press-release text per korea.kr; images may belong to third parties; mirror repo is MIT (code). Not redistributed here.",2026-04-13,c5f915e4804ce3e87158f0428a191537a08faebbcbb81a13f2447a12a71430f1
koreakr-156754281,hwpx,ko,korea.kr press releases (via GovPress_PDF_MD corpus_latest100),외교부,https://www.korea.kr/briefing/pressReleaseView.do?newsId=156754281,https://raw.githubusercontent.com/wavelen-jw/GovPress_PDF_MD/ed432313a05c8717e9a0bdc686edf0159cc0e501/artifacts/policy_briefing_benchmark/corpus_latest100/hwpxs/156754281.hwpx,,"KOGL Type 1 (공공누리 제1유형, attribution) for press-release text per korea.kr; images may belong to third parties; mirror repo is MIT (code). Not redistributed here.",2026-04-13,d6180dc0f0b767f3ed0e1c6e29d60caf283078a01a39d03775ff18d2c02b69de
koreakr-156754282,hwpx,ko,korea.kr press releases (via GovPress_PDF_MD corpus_latest100),국토교통부,https://www.korea.kr/briefing/pressReleaseView.do?newsId=156754282,https://raw.githubusercontent.com/wavelen-jw/GovPress_PDF_MD/ed432313a05c8717e9a0bdc686edf0159cc0e501/artifacts/policy_briefing_benchmark/corpus_latest100/hwpxs/156754282.hwpx,,"KOGL Type 1 (공공누리 제1유형, attribution) for press-release text per korea.kr; images may belong to third parties; mirror repo is MIT (code). Not redistributed here.",2026-04-13,2030d8aa988f38e4cdbda361d694a4b4a7ecbde06ec6d517ef75a3ba6076ea35
koreakr-156754286,hwpx,ko,korea.kr press releases (via GovPress_PDF_MD corpus_latest100),농림축산식품부,https://www.korea.kr/briefing/pressReleaseView.do?newsId=156754286,https://raw.githubusercontent.com/wavelen-jw/GovPress_PDF_MD/ed432313a05c8717e9a0bdc686edf0159cc0e501/artifacts/policy_briefing_benchmark/corpus_latest100/hwpxs/156754286.hwpx,,"KOGL Type 1 (공공누리 제1유형, attribution) for press-release text per korea.kr; images may belong to third parties; mirror repo is MIT (code). Not redistributed here.",2026-04-13,13ec21db4c2477f7587821c3cfaad05cdf898d1af6457b3a06275e87d2d745f9
koreakr-156754287,hwpx,ko,korea.kr press releases (via GovPress_PDF_MD corpus_latest100),국토교통부,https://www.korea.kr/briefing/pressReleaseView.do?newsId=156754287,https://raw.githubusercontent.com/wavelen-jw/GovPress_PDF_MD/ed432313a05c8717e9a0bdc686edf0159cc0e501/artifacts/policy_briefing_benchmark/corpus_latest100/hwpxs/156754287.hwpx,,"KOGL Type 1 (공공누리 제1유형, attribution) for press-release text per korea.kr; images may belong to third parties; mirror repo is MIT (code). Not redistributed here.",2026-04-13,4caf6095bd17d8f50b9c3904932cad0f7cb42ef16caef3f54c87bc4869572e5f
koreakr-156754290,hwpx,ko,korea.kr press releases (via GovPress_PDF_MD corpus_latest100),행정안전부,https://www.korea.kr/briefing/pressReleaseView.do?newsId=156754290,https://raw.githubusercontent.com/wavelen-jw/GovPress_PDF_MD/ed432313a05c8717e9a0bdc686edf0159cc0e501/artifacts/policy_briefing_benchmark/corpus_latest100/hwpxs/156754290.hwpx,,"KOGL Type 1 (공공누리 제1유형, attribution) for press-release text per korea.kr; images may belong to third parties; mirror repo is MIT (code). Not redistributed here.",2026-04-13,fc7b7ce1eaf42f2cf2a5e50c68a745fec34ad8714791dbb9ce97ff8dcb201fa6
koreakr-156754291,hwpx,ko,korea.kr press releases (via GovPress_PDF_MD corpus_latest100),국토교통부,https://www.korea.kr/briefing/pressReleaseView.do?newsId=156754291,https://raw.githubusercontent.com/wavelen-jw/GovPress_PDF_MD/ed432313a05c8717e9a0bdc686edf0159cc0e501/artifacts/policy_briefing_benchmark/corpus_latest100/hwpxs/156754291.hwpx,,"KOGL Type 1 (공공누리 제1유형, attribution) for press-release text per korea.kr; images may belong to third parties; mirror repo is MIT (code). Not redistributed here.",2026-04-13,24f0ab792189ae69d050f365736bb51e29a1b2e134d6b1e45750e41ab4770f27
govdocs1-014760,docx,en,"GovDocs1 (Digital Corpora), by_type/docx.zip",www.nifc.gov,http://www.nifc.gov/policies/IHC/APPENDIXB.docx,https://digitalcorpora.s3.amazonaws.com/corpora/files/govdocs1/by_type/docx.zip,014/014760.docx,"US government web document (GovDocs1 usg=YES); US federal works are public domain (17 U.S.C. 105), some .gov hosts are contractors/states. Not redistributed here.",2009-03-17 (retrieved),f538e934e60c77ff561cbf91876dc2a252da283d2fe83b5fe620268fe27dcce6
govdocs1-017091,docx,en,"GovDocs1 (Digital Corpora), by_type/docx.zip",www1.va.gov,http://www1.va.gov/chaplain/docs/BESE_A2_Nov08.docx,https://digitalcorpora.s3.amazonaws.com/corpora/files/govdocs1/by_type/docx.zip,017/017091.docx,"US government web document (GovDocs1 usg=YES); US federal works are public domain (17 U.S.C. 105), some .gov hosts are contractors/states. Not redistributed here.",2009-02-06 (retrieved),6a41ce073ac8fa7f7a03e2d80224b7e34a5b53064733b937f14f43ba1314e368
govdocs1-017097,docx,en,"GovDocs1 (Digital Corpora), by_type/docx.zip",www.visn2.va.gov,http://www.visn2.va.gov/apps/emp/hr/jobs/uploads/DEUProgramSupportAssTResearchJul08.docx,https://digitalcorpora.s3.amazonaws.com/corpora/files/govdocs1/by_type/docx.zip,017/017097.docx,"US government web document (GovDocs1 usg=YES); US federal works are public domain (17 U.S.C. 105), some .gov hosts are contractors/states. Not redistributed here.",2009-02-06 (retrieved),9d261a88188744a3006314966f6e5c45ce38c8235341854fb6ffca64fa2c565c
govdocs1-018367,docx,en,"GovDocs1 (Digital Corpora), by_type/docx.zip",www.usdoj.gov,http://www.usdoj.gov/jmd/2009justification/office/fy09-aeca-justification.docx,https://digitalcorpora.s3.amazonaws.com/corpora/files/govdocs1/by_type/docx.zip,018/018367.docx,"US government web document (GovDocs1 usg=YES); US federal works are public domain (17 U.S.C. 105), some .gov hosts are contractors/states. Not redistributed here.",2009-02-06 (retrieved),fc72225c1f6185a1f62772e208c8e06827371c8ba1460013011017873a6f46ba
govdocs1-018370,docx,en,"GovDocs1 (Digital Corpora), by_type/docx.zip",www.pr.doe.gov,"http://www.pr.doe.gov/iips/busopor.nsf/UNID/E3D5E07E238B18C085257516006EF594/$file/Sources_Sought_222-S_LAS_T,_Atch_1.docx",https://digitalcorpora.s3.amazonaws.com/corpora/files/govdocs1/by_type/docx.zip,018/018370.docx,"US government web document (GovDocs1 usg=YES); US federal works are public domain (17 U.S.C. 105), some .gov hosts are contractors/states. Not redistributed here.",2009-02-06 (retrieved),d41910fdcf5b395071c4403a595f4274af0bc3b5d31853ffcc8949633906e4b4
govdocs1-018371,docx,en,"GovDocs1 (Digital Corpora), by_type/docx.zip",www.ntc.blm.gov,http://www.ntc.blm.gov/krc/uploads/330/OSHA%20Program%20Checklist.docx,https://digitalcorpora.s3.amazonaws.com/corpora/files/govdocs1/by_type/docx.zip,018/018371.docx,"US government web document (GovDocs1 usg=YES); US federal works are public domain (17 U.S.C. 105), some .gov hosts are contractors/states. Not redistributed here.",2009-02-06 (retrieved),84004cdfe4e109bf155e0dade4cad3c4cea80692096a9ebb31114bdc8b82d7be
govdocs1-021524,docx,en,"GovDocs1 (Digital Corpora), by_type/docx.zip",www.nps.gov,http://www.nps.gov/nr/feature/highlight/National_Register_Workshop.docx,https://digitalcorpora.s3.amazonaws.com/corpora/files/govdocs1/by_type/docx.zip,021/021524.docx,"US government web document (GovDocs1 usg=YES); US federal works are public domain (17 U.S.C. 105), some .gov hosts are contractors/states. Not redistributed here.",2009-02-06 (retrieved),a79cda38c7c0afa27e9a8338072526a7d7a5bba1074eca71613523854306ed1b
govdocs1-021526,docx,en,"GovDocs1 (Digital Corpora), by_type/docx.zip",crapo.senate.gov,http://crapo.senate.gov/issues/banking/GROUPSSUPPORTINGFINANCIALRESCUEPACKAGE.docx,https://digitalcorpora.s3.amazonaws.com/corpora/files/govdocs1/by_type/docx.zip,021/021526.docx,"US government web document (GovDocs1 usg=YES); US federal works are public domain (17 U.S.C. 105), some .gov hosts are contractors/states. Not redistributed here.",2009-02-06 (retrieved),3f587f9a0e687749672d1e473765899ef2ad1baf53c11a442e5567ebfd3a9c57
govdocs1-021528,docx,en,"GovDocs1 (Digital Corpora), by_type/docx.zip",nnlm.gov,http://nnlm.gov/pnr/advocacy/EHR-Agenda.docx,https://digitalcorpora.s3.amazonaws.com/corpora/files/govdocs1/by_type/docx.zip,021/021528.docx,"US government web document (GovDocs1 usg=YES); US federal works are public domain (17 U.S.C. 105), some .gov hosts are contractors/states. Not redistributed here.",2009-02-06 (retrieved),c6a3317d74a5a4d849d55d59342c0462956e773b4c5dc9f0bcd6f2cc03599072
govdocs1-036269,docx,en,"GovDocs1 (Digital Corpora), by_type/docx.zip",gforge.nci.nih.gov,http://gforge.nci.nih.gov/frs/download.php/5685/caGrid_UMLNaming_UseCases_v1.docx,https://digitalcorpora.s3.amazonaws.com/corpora/files/govdocs1/by_type/docx.zip,036/036269.docx,"US government web document (GovDocs1 usg=YES); US federal works are public domain (17 U.S.C. 105), some .gov hosts are contractors/states. Not redistributed here.",2009-02-08 (retrieved),629719d5110e7ba861fe76aec3f0b74802d4d4234cc993b3c36fc07cfd0b8be8
govdocs1-036270,docx,en,"GovDocs1 (Digital Corpora), by_type/docx.zip",gforge.nci.nih.gov,http://gforge.nci.nih.gov/frs/download.php/4586/Year3Requirements0807.docx,https://digitalcorpora.s3.amazonaws.com/corpora/files/govdocs1/by_type/docx.zip,036/036270.docx,"US government web document (GovDocs1 usg=YES); US federal works are public domain (17 U.S.C. 105), some .gov hosts are contractors/states. Not redistributed here.",2009-02-08 (retrieved),44580d651a0071bdac893fdc7e149a07815684ac023c7969d7abd9d4816c7939
govdocs1-037025,docx,en,"GovDocs1 (Digital Corpora), by_type/docx.zip",www.ago.noaa.gov,http://www.ago.noaa.gov/ago/acquisition/docs/contract_types_matrix.docx,https://digitalcorpora.s3.amazonaws.com/corpora/files/govdocs1/by_type/docx.zip,037/037025.docx,"US government web document (GovDocs1 usg=YES); US federal works are public domain (17 U.S.C. 105), some .gov hosts are contractors/states. Not redistributed here.",2009-02-08 (retrieved),4473562871eace8234b04c066ef7142e718531be12352dc1cf55046fc05477cc
govdocs1-037824,docx,en,"GovDocs1 (Digital Corpora), by_type/docx.zip",sdm.lbl.gov,http://sdm.lbl.gov/srm-wg/doc/SRM.v2.2.070402.docx,https://digitalcorpora.s3.amazonaws.com/corpora/files/govdocs1/by_type/docx.zip,037/037824.docx,"US government web document (GovDocs1 usg=YES); US federal works are public domain (17 U.S.C. 105), some .gov hosts are contractors/states. Not redistributed here.",2009-02-08 (retrieved),e31d10fbc0049a64b4036b331152d607b918cf9b532051bb8f9bd3b9ace58759
govdocs1-116733,docx,en,"GovDocs1 (Digital Corpora), by_type/docx.zip",www.nifc.gov,http://www.nifc.gov/safety/investigation_guide/Resource%20Documents/Draft%20BLM%20Serious%20Accident%20Investigation%201112-3%20Manual.docx,https://digitalcorpora.s3.amazonaws.com/corpora/files/govdocs1/by_type/docx.zip,116/116733.docx,"US government web document (GovDocs1 usg=YES); US federal works are public domain (17 U.S.C. 105), some .gov hosts are contractors/states. Not redistributed here.",2009-02-09 (retrieved),a823c29a18818e8bf2ec9218c1f2001403fa597686be95360162cff7d715f77d
govdocs1-116734,docx,en,"GovDocs1 (Digital Corpora), by_type/docx.zip",scwg.cap.gov,http://scwg.cap.gov/sumter/Cadet%20Knowledge%20Book/Cadet%20Knowledge%20Book.docx,https://digitalcorpora.s3.amazonaws.com/corpora/files/govdocs1/by_type/docx.zip,116/116734.docx,"US government web document (GovDocs1 usg=YES); US federal works are public domain (17 U.S.C. 105), some .gov hosts are contractors/states. Not redistributed here.",2009-02-09 (retrieved),2ee144d87880332092f98a9c45769c7e1aff8f7a56ce02d12d75889c3b746a51
govdocs1-128291,docx,en,"GovDocs1 (Digital Corpora), by_type/docx.zip",www.ntc.blm.gov,http://www.ntc.blm.gov/krc/uploads/330/FIRE%20PREVENTION%20PLAN%20TEMPLATE.docx,https://digitalcorpora.s3.amazonaws.com/corpora/files/govdocs1/by_type/docx.zip,128/128291.docx,"US government web document (GovDocs1 usg=YES); US federal works are public domain (17 U.S.C. 105), some .gov hosts are contractors/states. Not redistributed here.",2009-02-10 (retrieved),45c479098e0240094972746064e2e0c79c770133585e4f6c74332b39067d8ae0
govdocs1-166104,docx,en,"GovDocs1 (Digital Corpora), by_type/docx.zip",apply07.grants.gov,http://apply07.grants.gov/apply/opportunities/instructions/oppFA9451-09-1-0347-instructions.docx,https://digitalcorpora.s3.amazonaws.com/corpora/files/govdocs1/by_type/docx.zip,166/166104.docx,"US government web document (GovDocs1 usg=YES); US federal works are public domain (17 U.S.C. 105), some .gov hosts are contractors/states. Not redistributed here.",2009-02-24 (retrieved),891847001dadcad2d84e01a1cf6406fe8aff776d3a63c0dda03355ffdaf20ca8
govdocs1-182611,docx,en,"GovDocs1 (Digital Corpora), by_type/docx.zip",mather.gsfc.nasa.gov,http://mather.gsfc.nasa.gov/presentations/UMD_Commencement_Dec20_08.docx,https://digitalcorpora.s3.amazonaws.com/corpora/files/govdocs1/by_type/docx.zip,182/182611.docx,"US government web document (GovDocs1 usg=YES); US federal works are public domain (17 U.S.C. 105), some .gov hosts are contractors/states. Not redistributed here.",2009-02-11 (retrieved),1b23b56e988717a5e6f9df1262a03c5e10ae1405ec8ca02d2d1ff7f8f9063464
govdocs1-212648,docx,en,"GovDocs1 (Digital Corpora), by_type/docx.zip",www.nps.gov,http://www.nps.gov/history/nr/feature/highlight/National_Register_Workshop.docx,https://digitalcorpora.s3.amazonaws.com/corpora/files/govdocs1/by_type/docx.zip,212/212648.docx,"US government web document (GovDocs1 usg=YES); US federal works are public domain (17 U.S.C. 105), some .gov hosts are contractors/states. Not redistributed here.",2009-02-12 (retrieved),a79cda38c7c0afa27e9a8338072526a7d7a5bba1074eca71613523854306ed1b
govdocs1-214825,docx,en,"GovDocs1 (Digital Corpora), by_type/docx.zip",gforge.nci.nih.gov,http://gforge.nci.nih.gov/docman/view.php/517/14978/HelpDesk_WG4.docx,https://digitalcorpora.s3.amazonaws.com/corpora/files/govdocs1/by_type/docx.zip,214/214825.docx,"US government web document (GovDocs1 usg=YES); US federal works are public domain (17 U.S.C. 105), some .gov hosts are contractors/states. Not redistributed here.",2009-02-12 (retrieved),7d2cea1329f7364696857a70c07820ab94a03e9bf8fd3669d90b73cb7c4ee0a9
govdocs1-214826,docx,en,"GovDocs1 (Digital Corpora), by_type/docx.zip",gforge.nci.nih.gov,http://gforge.nci.nih.gov/docman/view.php/517/14976/HelpDesk_WG2.docx,https://digitalcorpora.s3.amazonaws.com/corpora/files/govdocs1/by_type/docx.zip,214/214826.docx,"US government web document (GovDocs1 usg=YES); US federal works are public domain (17 U.S.C. 105), some .gov hosts are contractors/states. Not redistributed here.",2009-02-12 (retrieved),d33e6d069c441df8f41ad148f169711870853a98efccd6cd9f07a77857c602a4
govdocs1-215384,docx,en,"GovDocs1 (Digital Corpora), by_type/docx.zip",gforge.nci.nih.gov,https://gforge.nci.nih.gov/docman/view.php/388/8279/Data%2520access%2520plan-adoption%2520of%2520caBIGTM%2520Tools.docx,https://digitalcorpora.s3.amazonaws.com/corpora/files/govdocs1/by_type/docx.zip,215/215384.docx,"US government web document (GovDocs1 usg=YES); US federal works are public domain (17 U.S.C. 105), some .gov hosts are contractors/states. Not redistributed here.",2009-02-22 (retrieved),bca2ddbf5505d604e655246d53d3109064f3206c6081377276513ac9e02abaf3
govdocs1-216688,docx,en,"GovDocs1 (Digital Corpora), by_type/docx.zip",gforge.nci.nih.gov,https://gforge.nci.nih.gov/docman/view.php/498/16023/CQL%25202%2520TP%2520-%2520Schema%2520related%2520points.docx,https://digitalcorpora.s3.amazonaws.com/corpora/files/govdocs1/by_type/docx.zip,216/216688.docx,"US government web document (GovDocs1 usg=YES); US federal works are public domain (17 U.S.C. 105), some .gov hosts are contractors/states. Not redistributed here.",2009-02-22 (retrieved),dc19b383ba8649ea679e7c155fabc7c2d724c221a5fa7f26369c5324bdb80832
govdocs1-216689,docx,en,"GovDocs1 (Digital Corpora), by_type/docx.zip",gforge.nci.nih.gov,https://gforge.nci.nih.gov/docman/view.php/498/16022/CQL%25202%2520TP%2520-%2520Query%2520related%2520issues.docx,https://digitalcorpora.s3.amazonaws.com/corpora/files/govdocs1/by_type/docx.zip,216/216689.docx,"US government web document (GovDocs1 usg=YES); US federal works are public domain (17 U.S.C. 105), some .gov hosts are contractors/states. Not redistributed here.",2009-02-22 (retrieved),ebfb758627faf685655841929460b89b71fba75668dad6885910f6c76ef4e8f5
govdocs1-218978,docx,en,"GovDocs1 (Digital Corpora), by_type/docx.zip",ideasec.nbc.gov,http://ideasec.nbc.gov/ows-cls/NP144302_2963057/08NEWtonDB.docx,https://digitalcorpora.s3.amazonaws.com/corpora/files/govdocs1/by_type/docx.zip,218/218978.docx,"US government web document (GovDocs1 usg=YES); US federal works are public domain (17 U.S.C. 105), some .gov hosts are contractors/states. Not redistributed here.",2009-02-12 (retrieved),92838963c0ef3ca7146b9d8f4c7176188ebe814024e52f9f65d3b2ea813b019d
govdocs1-223624,docx,en,"GovDocs1 (Digital Corpora), by_type/docx.zip",www1.va.gov,http://www1.va.gov/emshg/docs/VHA_CEMP_VAMC_Assessors_Guide_103008.docx,https://digitalcorpora.s3.amazonaws.com/corpora/files/govdocs1/by_type/docx.zip,223/223624.docx,"US government web document (GovDocs1 usg=YES); US federal works are public domain (17 U.S.C. 105), some .gov hosts are contractors/states. Not redistributed here.",2009-02-12 (retrieved),c9ab2c48fd61ae0a540a75300919121660cbea55bc76fc32cfa8f0b51a159a8c
govdocs1-224039,docx,en,"GovDocs1 (Digital Corpora), by_type/docx.zip",www.faa.gov,http://www.faa.gov/about/office_org/headquarters_offices/ato/service_units/enroute/oceanic/documents/IPACG/IPACG29/IP13_Regional_PBN_Implementation_Plan_ICAO.docx,https://digitalcorpora.s3.amazonaws.com/corpora/files/govdocs1/by_type/docx.zip,224/224039.docx,"US government web document (GovDocs1 usg=YES); US federal works are public domain (17 U.S.C. 105), some .gov hosts are contractors/states. Not redistributed here.",2009-02-12 (retrieved),2bdfeea80fa7f37f308ecc99d36f349bfa4230c18a92a1332f648b02a5323966
govdocs1-224041,docx,en,"GovDocs1 (Digital Corpora), by_type/docx.zip",beamdocs.fnal.gov,http://beamdocs.fnal.gov/DocDB/0028/002826/001/FRPMS008.docx,https://digitalcorpora.s3.amazonaws.com/corpora/files/govdocs1/by_type/docx.zip,224/224041.docx,"US government web document (GovDocs1 usg=YES); US federal works are public domain (17 U.S.C. 105), some .gov hosts are contractors/states. Not redistributed here.",2009-02-12 (retrieved),bee40bd8f95f0af74d88c2ca3dbc7ff3dcd8b968c4f6e5758194ae3c4c537bb8
govdocs1-224363,docx,en,"GovDocs1 (Digital Corpora), by_type/docx.zip",gforge.nci.nih.gov,https://gforge.nci.nih.gov/docman/view.php/27/13313/Architectural_Review_Checklist-dtsearch.docx,https://digitalcorpora.s3.amazonaws.com/corpora/files/govdocs1/by_type/docx.zip,224/224363.docx,"US government web document (GovDocs1 usg=YES); US federal works are public domain (17 U.S.C. 105), some .gov hosts are contractors/states. Not redistributed here.",2009-02-22 (retrieved),c610594b88aaf4cf23fa1d72c78c0ef908f98f423d28e20dfde0fbc47ec72cb9
govdocs1-224939,docx,en,"GovDocs1 (Digital Corpora), by_type/docx.zip",apply07.grants.gov,http://apply07.grants.gov/apply/opportunities/instructions/oppS-OES-08-RFA-002-cfda00.000-cidS-OES-08-RFA-002-instructions.docx,https://digitalcorpora.s3.amazonaws.com/corpora/files/govdocs1/by_type/docx.zip,224/224939.docx,"US government web document (GovDocs1 usg=YES); US federal works are public domain (17 U.S.C. 105), some .gov hosts are contractors/states. Not redistributed here.",2009-02-12 (retrieved),dffcb8f301f0c0d2177cefc618932797a2c5d26d56e00f4a2ad3727cb7b1c2f6
govdocs1-224940,docx,en,"GovDocs1 (Digital Corpora), by_type/docx.zip",apply07.grants.gov,http://apply07.grants.gov/apply/opportunities/instructions/oppCA-NOI-08-0008-cfda15.231-instructions.docx,https://digitalcorpora.s3.amazonaws.com/corpora/files/govdocs1/by_type/docx.zip,224/224940.docx,"US government web document (GovDocs1 usg=YES); US federal works are public domain (17 U.S.C. 105), some .gov hosts are contractors/states. Not redistributed here.",2009-02-12 (retrieved),b02052e08a3b6ea28f52ed9cb0a8631d1c9249c73859660ad964a5d5b58bda52
govdocs1-236054,docx,en,"GovDocs1 (Digital Corpora), by_type/docx.zip",www.ars.usda.gov,http://www.ars.usda.gov/SP2UserFiles/Program/108/NP10808AnnualReportforWeb_mjkedits_Kbrevisedjal.docx,https://digitalcorpora.s3.amazonaws.com/corpora/files/govdocs1/by_type/docx.zip,236/236054.docx,"US government web document (GovDocs1 usg=YES); US federal works are public domain (17 U.S.C. 105), some .gov hosts are contractors/states. Not redistributed here.",2009-02-12 (retrieved),b78aab1ed0f286123e074afe4c1fb07b1af829e1dd34357a2a47ea81fd784921
govdocs1-241202,docx,en,"GovDocs1 (Digital Corpora), by_type/docx.zip",www.ago.noaa.gov,http://www.ago.noaa.gov/ago/acquisition/docs/far_matrix_through_fac_2005_26.docx,https://digitalcorpora.s3.amazonaws.com/corpora/files/govdocs1/by_type/docx.zip,241/241202.docx,"US government web document (GovDocs1 usg=YES); US federal works are public domain (17 U.S.C. 105), some .gov hosts are contractors/states. Not redistributed here.",2009-02-12 (retrieved),95ea6cab32520cf920f4117865e6f8520cf94806e81ffd916cc12126aa19eb69
govdocs1-241638,docx,en,"GovDocs1 (Digital Corpora), by_type/docx.zip",gforge.nci.nih.gov,http://gforge.nci.nih.gov/docman/view.php/517/14941/Wiki_HowtoSearchforaTerm_110508.docx,https://digitalcorpora.s3.amazonaws.com/corpora/files/govdocs1/by_type/docx.zip,241/241638.docx,"US government web document (GovDocs1 usg=YES); US federal works are public domain (17 U.S.C. 105), some .gov hosts are contractors/states. Not redistributed here.",2009-02-25 (retrieved),f9e7feb25da34daaee54009e6b7ca21ec8c14442bc6fd34d86ee1dc92a8c95fd
govdocs1-257125,docx,en,"GovDocs1 (Digital Corpora), by_type/docx.zip",gforge.nci.nih.gov,http://gforge.nci.nih.gov/docman/view.php/517/14979/HelpDesk_WG5.docx,https://digitalcorpora.s3.amazonaws.com/corpora/files/govdocs1/by_type/docx.zip,257/257125.docx,"US government web document (GovDocs1 usg=YES); US federal works are public domain (17 U.S.C. 105), some .gov hosts are contractors/states. Not redistributed here.",2009-02-12 (retrieved),6b6b9af705ffbdbe66af2acdbde4c5856449f1c87fe4c4f3257a3fc3857231f7
govdocs1-259445,docx,en,"GovDocs1 (Digital Corpora), by_type/docx.zip",apply07.grants.gov,http://apply07.grants.gov/apply/opportunities/instructions/oppCA-NOI-08-0009-cfda15.228-instructions.docx,https://digitalcorpora.s3.amazonaws.com/corpora/files/govdocs1/by_type/docx.zip,259/259445.docx,"US government web document (GovDocs1 usg=YES); US federal works are public domain (17 U.S.C. 105), some .gov hosts are contractors/states. Not redistributed here.",2009-02-12 (retrieved),7423fd7f1284a667934a429d358dc24ca9b00c19e0f9be25c1513ebab9809960
govdocs1-261383,docx,en,"GovDocs1 (Digital Corpora), by_type/docx.zip",www.stb.dot.gov,http://www.stb.dot.gov/Ect1/ecorrespondence.nsf/UNID/DD8FDEA949B564228525753E001DDDB6/%24file/ARR%2BPublic%2BComment.docx,https://digitalcorpora.s3.amazonaws.com/corpora/files/govdocs1/by_type/docx.zip,261/261383.docx,"US government web document (GovDocs1 usg=YES); US federal works are public domain (17 U.S.C. 105), some .gov hosts are contractors/states. Not redistributed here.",2009-02-12 (retrieved),9db994d6dfea3003d42060c64e4c86d9645a4fddfb0e7729ac2ecc6e83604bde
govdocs1-265532,docx,en,"GovDocs1 (Digital Corpora), by_type/docx.zip",www.cebaf.gov,http://www.cebaf.gov/accel/inj_group/safety/EEL118/Bake_THA.docx,https://digitalcorpora.s3.amazonaws.com/corpora/files/govdocs1/by_type/docx.zip,265/265532.docx,"US government web document (GovDocs1 usg=YES); US federal works are public domain (17 U.S.C. 105), some .gov hosts are contractors/states. Not redistributed here.",2009-02-13 (retrieved),b5877928586dfba7c5fa0b906341f46c016a9b09a4bdf416abee51bc9b3dc42b
govdocs1-265803,docx,en,"GovDocs1 (Digital Corpora), by_type/docx.zip",beamdocs.fnal.gov,http://beamdocs.fnal.gov/DocDB/0032/003288/001/SchottkyUserGuide.docx,https://digitalcorpora.s3.amazonaws.com/corpora/files/govdocs1/by_type/docx.zip,265/265803.docx,"US government web document (GovDocs1 usg=YES); US federal works are public domain (17 U.S.C. 105), some .gov hosts are contractors/states. Not redistributed here.",2009-02-13 (retrieved),91f93442431d9f3210df83e369a050fb0189b421a1633a0f9565632189b76b97
govdocs1-266907,docx,en,"GovDocs1 (Digital Corpora), by_type/docx.zip",sdm.lbl.gov,http://sdm.lbl.gov/srm-wg/doc/SRM.v2.2.docx,https://digitalcorpora.s3.amazonaws.com/corpora/files/govdocs1/by_type/docx.zip,266/266907.docx,"US government web document (GovDocs1 usg=YES); US federal works are public domain (17 U.S.C. 105), some .gov hosts are contractors/states. Not redistributed here.",2009-02-13 (retrieved),c2d336e0337f4de9d450dfdcc4fd626ed4853093c5ce814b16c0afb71899cf49
govdocs1-271644,docx,en,"GovDocs1 (Digital Corpora), by_type/docx.zip",nnlm.gov,http://nnlm.gov/evaluation/docs/myi_followup_stories.docx,https://digitalcorpora.s3.amazonaws.com/corpora/files/govdocs1/by_type/docx.zip,271/271644.docx,"US government web document (GovDocs1 usg=YES); US federal works are public domain (17 U.S.C. 105), some .gov hosts are contractors/states. Not redistributed here.",2009-02-13 (retrieved),30d1fdf4a2d101e49b381cc0217b34aa98efa4eb1b2c321b52428d15fb474db9
govdocs1-274493,docx,en,"GovDocs1 (Digital Corpora), by_type/docx.zip",www.mdl.nws.noaa.gov,http://www.mdl.nws.noaa.gov/~applications/STR/data/1190/AGLMIX.docx,https://digitalcorpora.s3.amazonaws.com/corpora/files/govdocs1/by_type/docx.zip,274/274493.docx,"US government web document (GovDocs1 usg=YES); US federal works are public domain (17 U.S.C. 105), some .gov hosts are contractors/states. Not redistributed here.",2009-02-13 (retrieved),1784ee8ac8fcb0420ad17e8dc4b0b4d0298bcd58bfb79c7c05fb7cbbd44c4648
govdocs1-274759,docx,en,"GovDocs1 (Digital Corpora), by_type/docx.zip",gforge.nci.nih.gov,http://gforge.nci.nih.gov/docman/view.php/517/14975/HelpDesk_WG1.docx,https://digitalcorpora.s3.amazonaws.com/corpora/files/govdocs1/by_type/docx.zip,274/274759.docx,"US government web document (GovDocs1 usg=YES); US federal works are public domain (17 U.S.C. 105), some .gov hosts are contractors/states. Not redistributed here.",2009-02-13 (retrieved),42e669fd574fba7f9ae1bdc2c9f4d55c4cbb699a488fd1f7331bc0c1df8161e4
govdocs1-275128,docx,en,"GovDocs1 (Digital Corpora), by_type/docx.zip",gforge.nci.nih.gov,http://gforge.nci.nih.gov/docman/view.php/517/14981/HelpDesk_WG7.docx,https://digitalcorpora.s3.amazonaws.com/corpora/files/govdocs1/by_type/docx.zip,275/275128.docx,"US government web document (GovDocs1 usg=YES); US federal works are public domain (17 U.S.C. 105), some .gov hosts are contractors/states. Not redistributed here.",2009-02-13 (retrieved),80af659d46109dc0fe6781bc478a3a80ca2432bbd648db9e99560e40de8bc9bf
govdocs1-276367,docx,en,"GovDocs1 (Digital Corpora), by_type/docx.zip",nnlm.gov,http://nnlm.gov/pnr/advocacy/Small-Group-Discussion-notes.docx,https://digitalcorpora.s3.amazonaws.com/corpora/files/govdocs1/by_type/docx.zip,276/276367.docx,"US government web document (GovDocs1 usg=YES); US federal works are public domain (17 U.S.C. 105), some .gov hosts are contractors/states. Not redistributed here.",2009-02-13 (retrieved),41f61ad80ab5be9005eeb3eea2f382ed159cb8995bfd4bdeebbc205d67b59f90
govdocs1-278190,docx,en,"GovDocs1 (Digital Corpora), by_type/docx.zip",wiki.nasa.gov,http://wiki.nasa.gov/cm/wiki/Federal%2520Knowledge%2520Management%2520Working%2520Group%2520(KMWG).wiki/1001785main_Fed_KM_Initiative_Backgrounder.docx,https://digitalcorpora.s3.amazonaws.com/corpora/files/govdocs1/by_type/docx.zip,278/278190.docx,"US government web document (GovDocs1 usg=YES); US federal works are public domain (17 U.S.C. 105), some .gov hosts are contractors/states. Not redistributed here.",2009-02-25 (retrieved),932f37c0181b3d686d2ba3c645b4b5d518ed3f0792a59009c8d15779ce122175
govdocs1-278266,docx,en,"GovDocs1 (Digital Corpora), by_type/docx.zip",e-center.doe.gov,https://e-center.doe.gov/iips/busopor.nsf/UNID/8F0F2CD792FC9C138525754D00543837/%24file/RFQ_81578_-_Cable.docx,https://digitalcorpora.s3.amazonaws.com/corpora/files/govdocs1/by_type/docx.zip,278/278266.docx,"US government web document (GovDocs1 usg=YES); US federal works are public domain (17 U.S.C. 105), some .gov hosts are contractors/states. Not redistributed here.",2009-02-22 (retrieved),e61b1b0419369081ffe252a679fb20c8d9b311c24fe0d79f3be08092005b8218
govdocs1-280856,docx,en,"GovDocs1 (Digital Corpora), by_type/docx.zip",healthit.ahrq.gov,http://healthit.ahrq.gov/portal/server.pt/gateway/PTARGS_0_1248_835123_0_0_18/Pt%2520CUS%2520ALL.docx,https://digitalcorpora.s3.amazonaws.com/corpora/files/govdocs1/by_type/docx.zip,280/280856.docx,"US government web document (GovDocs1 usg=YES); US federal works are public domain (17 U.S.C. 105), some .gov hosts are contractors/states. Not redistributed here.",2009-02-25 (retrieved),3e3fbd1c298d843f8dec486b251bcc3707018aa8f0a734458be5c471b23be93f
govdocs1-295148,docx,en,"GovDocs1 (Digital Corpora), by_type/docx.zip",www.srh.noaa.gov,http://www.srh.noaa.gov/anonymous/srh/JavaCourseOutline.docx,https://digitalcorpora.s3.amazonaws.com/corpora/files/govdocs1/by_type/docx.zip,295/295148.docx,"US government web document (GovDocs1 usg=YES); US federal works are public domain (17 U.S.C. 105), some .gov hosts are contractors/states. Not redistributed here.",2009-02-14 (retrieved),8fdcabbe0509bd80c0fa150e1f0a02ee0c27021f16ba8608e51c287c22301e8a
govdocs1-299759,docx,en,"GovDocs1 (Digital Corpora), by_type/docx.zip",gforge.nci.nih.gov,http://gforge.nci.nih.gov/docman/view.php/58/9463/caCORE_Monthly_Activity_Summary_October_2007.docx,https://digitalcorpora.s3.amazonaws.com/corpora/files/govdocs1/by_type/docx.zip,299/299759.docx,"US government web document (GovDocs1 usg=YES); US federal works are public domain (17 U.S.C. 105), some .gov hosts are contractors/states. Not redistributed here.",2009-02-14 (retrieved),d7532d0a09f3aa1fd506abd318da78a69d9689df1d7c575633aec8e7a35ee5d0
govdocs1-304086,docx,en,"GovDocs1 (Digital Corpora), by_type/docx.zip",www.mdl.nws.noaa.gov,http://www.mdl.nws.noaa.gov/~applications/STR/data/1256/serpISCuserdoc1205.docx,https://digitalcorpora.s3.amazonaws.com/corpora/files/govdocs1/by_type/docx.zip,304/304086.docx,"US government web document (GovDocs1 usg=YES); US federal works are public domain (17 U.S.C. 105), some .gov hosts are contractors/states. Not redistributed here.",2009-02-14 (retrieved),58aa1c73266b9d684b1bc305648bbc1ab9517a1ceacdea6e4d99f842d5a3deea
govdocs1-304089,docx,en,"GovDocs1 (Digital Corpora), by_type/docx.zip",www.ago.noaa.gov,http://www.ago.noaa.gov/ago/acquisition/docs/crequest_release_notes_v8.docx,https://digitalcorpora.s3.amazonaws.com/corpora/files/govdocs1/by_type/docx.zip,304/304089.docx,"US government web document (GovDocs1 usg=YES); US federal works are public domain (17 U.S.C. 105), some .gov hosts are contractors/states. Not redistributed here.",2009-02-14 (retrieved),6465bd87140b1f955b6d4dff551a12be5bbf43f040480713a1b2c70e778fbc85
govdocs1-313486,docx,en,"GovDocs1 (Digital Corpora), by_type/docx.zip",www.nlm.nih.gov,http://www.nlm.nih.gov/golocal/Go_Local_Manual.docx,https://digitalcorpora.s3.amazonaws.com/corpora/files/govdocs1/by_type/docx.zip,313/313486.docx,"US government web document (GovDocs1 usg=YES); US federal works are public domain (17 U.S.C. 105), some .gov hosts are contractors/states. Not redistributed here.",2009-02-14 (retrieved),f0354d4a3d3dedfadfc18b98345c4e1c01a7628282600b39ae648cd7c2e281ff
govdocs1-318865,docx,en,"GovDocs1 (Digital Corpora), by_type/docx.zip",gforge.nci.nih.gov,https://gforge.nci.nih.gov/svnroot/c3prv2/branches/c3pr_v2.5.1_final_release/c3prv2/documentation/training/c3prv2_tool_tool_page.docx,https://digitalcorpora.s3.amazonaws.com/corpora/files/govdocs1/by_type/docx.zip,318/318865.docx,"US government web document (GovDocs1 usg=YES); US federal works are public domain (17 U.S.C. 105), some .gov hosts are contractors/states. Not redistributed here.",2009-02-22 (retrieved),08d90c36a4e671912818fab16f44946da64bcdbcfc0fcf490d6e87db1c2cc842
govdocs1-318866,docx,en,"GovDocs1 (Digital Corpora), by_type/docx.zip",gforge.nci.nih.gov,https://gforge.nci.nih.gov/frs/download.php/4586/Year3Requirements0807.docx,https://digitalcorpora.s3.amazonaws.com/corpora/files/govdocs1/by_type/docx.zip,318/318866.docx,"US government web document (GovDocs1 usg=YES); US federal works are public domain (17 U.S.C. 105), some .gov hosts are contractors/states. Not redistributed here.",2009-02-22 (retrieved),44580d651a0071bdac893fdc7e149a07815684ac023c7969d7abd9d4816c7939
govdocs1-320492,docx,en,"GovDocs1 (Digital Corpora), by_type/docx.zip",ideasec.nbc.gov,http://ideasec.nbc.gov/ows-cls/LM142201_1515187/02730.docx,https://digitalcorpora.s3.amazonaws.com/corpora/files/govdocs1/by_type/docx.zip,320/320492.docx,"US government web document (GovDocs1 usg=YES); US federal works are public domain (17 U.S.C. 105), some .gov hosts are contractors/states. Not redistributed here.",2009-02-14 (retrieved),ee971befe8ae06c778614a5992eb03ad011a10363339dd7bc8b52d6f234e871a
govdocs1-335899,docx,en,"GovDocs1 (Digital Corpora), by_type/docx.zip",gforge.nci.nih.gov,https://gforge.nci.nih.gov/frs/download.php/5746/mentor_activity_report_2009_1.docx,https://digitalcorpora.s3.amazonaws.com/corpora/files/govdocs1/by_type/docx.zip,335/335899.docx,"US government web document (GovDocs1 usg=YES); US federal works are public domain (17 U.S.C. 105), some .gov hosts are contractors/states. Not redistributed here.",2009-02-26 (retrieved),57f462aaaa69ab39a3315f5ed51b1a1a17421b19049e6abfea561c93006ada5c
govdocs1-337861,docx,en,"GovDocs1 (Digital Corpora), by_type/docx.zip",gforge.nci.nih.gov,http://gforge.nci.nih.gov/docman/view.php/249/8231/Results%2520of%2520Iteration%25206%2520stress%2520test%2520at%2520CCCWFUsubmitted%25209.docx,https://digitalcorpora.s3.amazonaws.com/corpora/files/govdocs1/by_type/docx.zip,337/337861.docx,"US government web document (GovDocs1 usg=YES); US federal works are public domain (17 U.S.C. 105), some .gov hosts are contractors/states. Not redistributed here.",2009-02-15 (retrieved),86a64f09447e04b1c7d719822f56519f41a292d1a3033f7305f7bc7cafa4a786
govdocs1-343986,docx,en,"GovDocs1 (Digital Corpora), by_type/docx.zip",ftp.gfdl.gov,ftp://ftp.gfdl.gov/pub/yli/11_06/text/respondence_to_second_paper.docx,https://digitalcorpora.s3.amazonaws.com/corpora/files/govdocs1/by_type/docx.zip,343/343986.docx,"US government web document (GovDocs1 usg=YES); US federal works are public domain (17 U.S.C. 105), some .gov hosts are contractors/states. Not redistributed here.",2009-02-15 (retrieved),ce9dadf1fdcc344226303fdd33d0cfbb948ee9fee15420801b5ab106de4f0caa
govdocs1-350647,docx,en,"GovDocs1 (Digital Corpora), by_type/docx.zip",gforge.nci.nih.gov,http://gforge.nci.nih.gov/docman/view.php/517/14984/HelpDesk_WG11.docx,https://digitalcorpora.s3.amazonaws.com/corpora/files/govdocs1/by_type/docx.zip,350/350647.docx,"US government web document (GovDocs1 usg=YES); US federal works are public domain (17 U.S.C. 105), some .gov hosts are contractors/states. Not redistributed here.",2009-02-15 (retrieved),c60edd08ec6a44f264048dd7836967a4ab676af487c67e7344ed258840eaaa30
govdocs1-351216,docx,en,"GovDocs1 (Digital Corpora), by_type/docx.zip",www.ars.usda.gov,http://www.ars.usda.gov/SP2UserFiles/Program/306/NP30608AnnualReportforWeb_mjkedit(edited).docx,https://digitalcorpora.s3.amazonaws.com/corpora/files/govdocs1/by_type/docx.zip,351/351216.docx,"US government web document (GovDocs1 usg=YES); US federal works are public domain (17 U.S.C. 105), some .gov hosts are contractors/states. Not redistributed here.",2009-02-15 (retrieved),2a187c13271023f13cc109199d7e7f94973b1462acf8f53266e7f4a1ec091509
govdocs1-362612,docx,en,"GovDocs1 (Digital Corpora), by_type/docx.zip",gforge.nci.nih.gov,http://gforge.nci.nih.gov/docman/view.php/51/13084/PathwayModeling_DataStatistics.docx,https://digitalcorpora.s3.amazonaws.com/corpora/files/govdocs1/by_type/docx.zip,362/362612.docx,"US government web document (GovDocs1 usg=YES); US federal works are public domain (17 U.S.C. 105), some .gov hosts are contractors/states. Not redistributed here.",2009-02-15 (retrieved),398e133808fab7d3dedd5db2092ea59512b2e858ad17231285181aef05e9a51e
govdocs1-372437,docx,en,"GovDocs1 (Digital Corpora), by_type/docx.zip",gforge.nci.nih.gov,http://gforge.nci.nih.gov/docman/view.php/578/16536/ctsDSR%2520Design%2520Document_Final_v2.docx,https://digitalcorpora.s3.amazonaws.com/corpora/files/govdocs1/by_type/docx.zip,372/372437.docx,"US government web document (GovDocs1 usg=YES); US federal works are public domain (17 U.S.C. 105), some .gov hosts are contractors/states. Not redistributed here.",2009-02-27 (retrieved),6d026688066e39fe2f7466a92f7179cf245004299b71a6137a7d2221e38e00db
govdocs1-380433,docx,en,"GovDocs1 (Digital Corpora), by_type/docx.zip",www1.va.gov,http://www1.va.gov/emshg/docs/21309FI_VAMC_Final_Report_2909.docx,https://digitalcorpora.s3.amazonaws.com/corpora/files/govdocs1/by_type/docx.zip,380/380433.docx,"US government web document (GovDocs1 usg=YES); US federal works are public domain (17 U.S.C. 105), some .gov hosts are contractors/states. Not redistributed here.",2009-03-14 (retrieved),f889dc30dd463ccaf9fd79a03fe39f98fecf50636d8b101a998074020972b4ea
govdocs1-382440,docx,en,"GovDocs1 (Digital Corpora), by_type/docx.zip",www1.va.gov,http://www1.va.gov/emshg/docs/21309QU_VISN_Site_Visit_Questions_2909.docx,https://digitalcorpora.s3.amazonaws.com/corpora/files/govdocs1/by_type/docx.zip,382/382440.docx,"US government web document (GovDocs1 usg=YES); US federal works are public domain (17 U.S.C. 105), some .gov hosts are contractors/states. Not redistributed here.",2009-03-14 (retrieved),d814bb1a5f42c4589e3956c7f74f96f3f8bcaeea4e4258208959c5a1e56b2096
govdocs1-393391,docx,en,"GovDocs1 (Digital Corpora), by_type/docx.zip",www.cand.uscourts.gov,http://www.cand.uscourts.gov/CAND/FAQ.nsf/60126b66e42d004888256d4e007bce29/8b72036a7484f34e88257570005aa8e2/%24FILE/APPLEUREKA-09.docx,https://digitalcorpora.s3.amazonaws.com/corpora/files/govdocs1/by_type/docx.zip,393/393391.docx,"US government web document (GovDocs1 usg=YES); US federal works are public domain (17 U.S.C. 105), some .gov hosts are contractors/states. Not redistributed here.",2009-03-14 (retrieved),c554ca43a1ae288b7d0e0918d8932f7ef40e181e2095c1cdd674e70d9b232bd6
govdocs1-396614,docx,en,"GovDocs1 (Digital Corpora), by_type/docx.zip",gforge.nci.nih.gov,https://gforge.nci.nih.gov/frs/download.php/2637/revised_WFUTS_create_study_with_randomized_block.docx,https://digitalcorpora.s3.amazonaws.com/corpora/files/govdocs1/by_type/docx.zip,396/396614.docx,"US government web document (GovDocs1 usg=YES); US federal works are public domain (17 U.S.C. 105), some .gov hosts are contractors/states. Not redistributed here.",2009-02-22 (retrieved),c27cbd8a94868adfa9120ca2a829464b5337c91a3fa35fd54aeb7209a7143aab
govdocs1-404064,docx,en,"GovDocs1 (Digital Corpora), by_type/docx.zip",www.cebaf.gov,http://www.cebaf.gov/accel/inj_group/safety/EEL118/Vacuum_THA.docx,https://digitalcorpora.s3.amazonaws.com/corpora/files/govdocs1/by_type/docx.zip,404/404064.docx,"US government web document (GovDocs1 usg=YES); US federal works are public domain (17 U.S.C. 105), some .gov hosts are contractors/states. Not redistributed here.",2009-02-16 (retrieved),a272b80f8071d71cda38d9ba01882c86d656db13a02961b23bd5383a63926265
govdocs1-406729,docx,en,"GovDocs1 (Digital Corpora), by_type/docx.zip",www1.va.gov,http://www1.va.gov/emshg/docs/21309CAPSCO_VISN_Capability_Scoring_Tool_2909.docx,https://digitalcorpora.s3.amazonaws.com/corpora/files/govdocs1/by_type/docx.zip,406/406729.docx,"US government web document (GovDocs1 usg=YES); US federal works are public domain (17 U.S.C. 105), some .gov hosts are contractors/states. Not redistributed here.",2009-03-14 (retrieved),32893fd46ee9b4d9569acd389eb78cd072020bf5ee1a5aa50703deabe8e06bd9
govdocs1-409409,docx,en,"GovDocs1 (Digital Corpora), by_type/docx.zip",gforge.nci.nih.gov,http://gforge.nci.nih.gov/docman/view.php/517/14983/HelpDesk_WG9.docx,https://digitalcorpora.s3.amazonaws.com/corpora/files/govdocs1/by_type/docx.zip,409/409409.docx,"US government web document (GovDocs1 usg=YES); US federal works are public domain (17 U.S.C. 105), some .gov hosts are contractors/states. Not redistributed here.",2009-02-16 (retrieved),2ec8cb33e77255525be85b4806e69a98d4d2ff166b80cb806624c313d62a34b2
govdocs1-420596,docx,en,"GovDocs1 (Digital Corpora), by_type/docx.zip",yemen.usembassy.gov,http://yemen.usembassy.gov/root/pdfs/vacancies/60-vacancy-announcement-fsn-democracy-and-governance-specialist.docx,https://digitalcorpora.s3.amazonaws.com/corpora/files/govdocs1/by_type/docx.zip,420/420596.docx,"US government web document (GovDocs1 usg=YES); US federal works are public domain (17 U.S.C. 105), some .gov hosts are contractors/states. Not redistributed here.",2009-02-16 (retrieved),c43a06ba58c922d32d999e3b692437f54fd7a59e86273b05e32479645b41526b
govdocs1-424034,docx,en,"GovDocs1 (Digital Corpora), by_type/docx.zip",e-center.doe.gov,http://e-center.doe.gov/iips/busopor.nsf/UNID/F53673D5A1FFC6E0852574B000560B40/%24file/ATT._D_N617DE-N619DE-N27TK_8-27-08.docx,https://digitalcorpora.s3.amazonaws.com/corpora/files/govdocs1/by_type/docx.zip,424/424034.docx,"US government web document (GovDocs1 usg=YES); US federal works are public domain (17 U.S.C. 105), some .gov hosts are contractors/states. Not redistributed here.",2009-02-16 (retrieved),8a21f66cd61ff72e573a06b429d460c4ae7b3e46c1cf033effecaba7786b97a8
govdocs1-424654,docx,en,"GovDocs1 (Digital Corpora), by_type/docx.zip",www.blm.gov,http://www.blm.gov/rmp/co/roanplateau/PRDRAFTAug08OandGLeaseSaleNotice06_09_08final.docx,https://digitalcorpora.s3.amazonaws.com/corpora/files/govdocs1/by_type/docx.zip,424/424654.docx,"US government web document (GovDocs1 usg=YES); US federal works are public domain (17 U.S.C. 105), some .gov hosts are contractors/states. Not redistributed here.",2009-02-16 (retrieved),6280fab445fcd29f3ee48ba98f7c8609f8464a534b0de32b1a29393aea98a1f7
govdocs1-426080,docx,en,"GovDocs1 (Digital Corpora), by_type/docx.zip",www.srh.noaa.gov,http://www.srh.noaa.gov/anonymous/srh/Collaboration_Server_Account.docx,https://digitalcorpora.s3.amazonaws.com/corpora/files/govdocs1/by_type/docx.zip,426/426080.docx,"US government web document (GovDocs1 usg=YES); US federal works are public domain (17 U.S.C. 105), some .gov hosts are contractors/states. Not redistributed here.",2009-02-16 (retrieved),46c166c88ee5d6c5097cd903a76e1aa3b67050d6e48fb37f98e91e191658535f
govdocs1-426839,docx,en,"GovDocs1 (Digital Corpora), by_type/docx.zip",wiki.nasa.gov,http://wiki.nasa.gov/cm/wiki/Federal%2520Knowledge%2520Management%2520Working%2520Group%2520(KMWG).wiki/1001769main_Disappearing%2520American%2520Knowhow.docx,https://digitalcorpora.s3.amazonaws.com/corpora/files/govdocs1/by_type/docx.zip,426/426839.docx,"US government web document (GovDocs1 usg=YES); US federal works are public domain (17 U.S.C. 105), some .gov hosts are contractors/states. Not redistributed here.",2009-02-16 (retrieved),59adaca9f371417c2dc6f308404c1b743785bd5d6bd5c01e8406f66a0473d1a6
govdocs1-427949,docx,en,"GovDocs1 (Digital Corpora), by_type/docx.zip",gforge.nci.nih.gov,https://gforge.nci.nih.gov/svnroot/c3prv2/trunk/c3prv2/documentation/training/c3prv2_tool_tool_page.docx,https://digitalcorpora.s3.amazonaws.com/corpora/files/govdocs1/by_type/docx.zip,427/427949.docx,"US government web document (GovDocs1 usg=YES); US federal works are public domain (17 U.S.C. 105), some .gov hosts are contractors/states. Not redistributed here.",2009-02-22 (retrieved),08d90c36a4e671912818fab16f44946da64bcdbcfc0fcf490d6e87db1c2cc842
govdocs1-432556,docx,en,"GovDocs1 (Digital Corpora), by_type/docx.zip",cd-docdb.fnal.gov,http://cd-docdb.fnal.gov/0028/002878/001/FY09_Strategic_Plan_for_Central_Services.docx,https://digitalcorpora.s3.amazonaws.com/corpora/files/govdocs1/by_type/docx.zip,432/432556.docx,"US government web document (GovDocs1 usg=YES); US federal works are public domain (17 U.S.C. 105), some .gov hosts are contractors/states. Not redistributed here.",2009-02-16 (retrieved),bace82b1f1a9ca65cfb83e7d4c82907234578eddd0c36e017315fad5876e721e
govdocs1-433177,docx,en,"GovDocs1 (Digital Corpora), by_type/docx.zip",www.chaplain.med.va.gov,http://www.chaplain.med.va.gov/chaplain/docs/BESE_A2_Nov08.docx,https://digitalcorpora.s3.amazonaws.com/corpora/files/govdocs1/by_type/docx.zip,433/433177.docx,"US government web document (GovDocs1 usg=YES); US federal works are public domain (17 U.S.C. 105), some .gov hosts are contractors/states. Not redistributed here.",2009-03-14 (retrieved),6a41ce073ac8fa7f7a03e2d80224b7e34a5b53064733b937f14f43ba1314e368
govdocs1-435413,docx,en,"GovDocs1 (Digital Corpora), by_type/docx.zip",gforge.nci.nih.gov,http://gforge.nci.nih.gov/docman/view.php/249/10422/WFU_continued%2520adoption_strategy_revised.docx,https://digitalcorpora.s3.amazonaws.com/corpora/files/govdocs1/by_type/docx.zip,435/435413.docx,"US government web document (GovDocs1 usg=YES); US federal works are public domain (17 U.S.C. 105), some .gov hosts are contractors/states. Not redistributed here.",2009-02-16 (retrieved),f103e5362dbcacf475249a0774552d349b60565eb1a6b69800dc2e6c2ed2cb36
govdocs1-436784,docx,en,"GovDocs1 (Digital Corpora), by_type/docx.zip",www.mdl.nws.noaa.gov,http://www.mdl.nws.noaa.gov/~applications/LAD/data/1690/MRX30DayArchiver.docx,https://digitalcorpora.s3.amazonaws.com/corpora/files/govdocs1/by_type/docx.zip,436/436784.docx,"US government web document (GovDocs1 usg=YES); US federal works are public domain (17 U.S.C. 105), some .gov hosts are contractors/states. Not redistributed here.",2009-02-16 (retrieved),8800e16e8a8c759c755e91481dd49f06f6d6ec4bdfb80f72b7470d55da43bf9f
govdocs1-439210,docx,en,"GovDocs1 (Digital Corpora), by_type/docx.zip",www.srh.noaa.gov,http://www.srh.noaa.gov/anonymous/srh/Homework5.docx,https://digitalcorpora.s3.amazonaws.com/corpora/files/govdocs1/by_type/docx.zip,439/439210.docx,"US government web document (GovDocs1 usg=YES); US federal works are public domain (17 U.S.C. 105), some .gov hosts are contractors/states. Not redistributed here.",2009-02-16 (retrieved),ecbb93eb56ffc43614cbb70d91c8c6b821c0cc3b6c872bfdd7388ef771d97bf1
govdocs1-439737,docx,en,"GovDocs1 (Digital Corpora), by_type/docx.zip",gforge.nci.nih.gov,http://gforge.nci.nih.gov/docman/view.php/517/14977/HelpDesk_WG3.docx,https://digitalcorpora.s3.amazonaws.com/corpora/files/govdocs1/by_type/docx.zip,439/439737.docx,"US government web document (GovDocs1 usg=YES); US federal works are public domain (17 U.S.C. 105), some .gov hosts are contractors/states. Not redistributed here.",2009-02-16 (retrieved),242173463065e8e719cd17c9c3696633e167bb043d009549c5c88d42d76854f1
govdocs1-448024,docx,en,"GovDocs1 (Digital Corpora), by_type/docx.zip",science.nature.nps.gov,http://science.nature.nps.gov/im/units/ncrn/products/protocols/Forest%2520Protocol%25202%2520NRR.docx,https://digitalcorpora.s3.amazonaws.com/corpora/files/govdocs1/by_type/docx.zip,448/448024.docx,"US government web document (GovDocs1 usg=YES); US federal works are public domain (17 U.S.C. 105), some .gov hosts are contractors/states. Not redistributed here.",2009-03-14 (retrieved),856dd03f69609179f0906ff8c1ae3dadb3fa7c0f3f539b3fd2fdb6866fcf846c
govdocs1-448890,docx,en,"GovDocs1 (Digital Corpora), by_type/docx.zip",spanish.guayaquil.usconsulate.gov,http://spanish.guayaquil.usconsulate.gov/uploads/images/W56sfjtdP2ge_7yoNhkkdQ/subastareglas.docx,https://digitalcorpora.s3.amazonaws.com/corpora/files/govdocs1/by_type/docx.zip,448/448890.docx,"US government web document (GovDocs1 usg=YES); US federal works are public domain (17 U.S.C. 105), some .gov hosts are contractors/states. Not redistributed here.",2009-02-16 (retrieved),70052b583537c1c88cad99fe50cc9cbb363b99df881c56b46811ad620ee919e9
govdocs1-454393,docx,en,"GovDocs1 (Digital Corpora), by_type/docx.zip",apply07.grants.gov,http://apply07.grants.gov/apply/opportunities/instructions/oppCA-NOI-08-0012-cfda15.225-instructions.docx,https://digitalcorpora.s3.amazonaws.com/corpora/files/govdocs1/by_type/docx.zip,454/454393.docx,"US government web document (GovDocs1 usg=YES); US federal works are public domain (17 U.S.C. 105), some .gov hosts are contractors/states. Not redistributed here.",2009-02-16 (retrieved),2b744da57e1da6a7598143fbb227e4dfb4f2dd61ffdf27d13a19001c1172c08a
govdocs1-470116,docx,en,"GovDocs1 (Digital Corpora), by_type/docx.zip",www1.va.gov,http://www1.va.gov/emshg/docs/21309CAPDES_VISN_Capability_Description_2909.docx,https://digitalcorpora.s3.amazonaws.com/corpora/files/govdocs1/by_type/docx.zip,470/470116.docx,"US government web document (GovDocs1 usg=YES); US federal works are public domain (17 U.S.C. 105), some .gov hosts are contractors/states. Not redistributed here.",2009-03-14 (retrieved),a29ba233d91ef4fe6b5a8d879bac2db0be7528abf7775d31ae74eec3cf4dfa96
govdocs1-485509,docx,en,"GovDocs1 (Digital Corpora), by_type/docx.zip",cd-docdb.fnal.gov,http://cd-docdb.fnal.gov/0031/003120/001/Root_Cause_Analysis.docx,https://digitalcorpora.s3.amazonaws.com/corpora/files/govdocs1/by_type/docx.zip,485/485509.docx,"US government web document (GovDocs1 usg=YES); US federal works are public domain (17 U.S.C. 105), some .gov hosts are contractors/states. Not redistributed here.",2009-03-15 (retrieved),49fe1b989595a96577690ea8688d4d502aee08989bee5c0d6f5caa7b89d2fb44
govdocs1-489061,docx,en,"GovDocs1 (Digital Corpora), by_type/docx.zip",crapo.senate.gov,http://crapo.senate.gov/issues/teen_dating_violence/2008-12-12NationalTeenDatingViolenceAwarenessandPreventionWeek.docx,https://digitalcorpora.s3.amazonaws.com/corpora/files/govdocs1/by_type/docx.zip,489/489061.docx,"US government web document (GovDocs1 usg=YES); US federal works are public domain (17 U.S.C. 105), some .gov hosts are contractors/states. Not redistributed here.",2009-02-16 (retrieved),329adf5067f11594811fef8ddd218043f8c1cdbd9fb64312629f4781549783db
govdocs1-499269,docx,en,"GovDocs1 (Digital Corpora), by_type/docx.zip",www.wapa.gov,http://www.wapa.gov/dsw/scibowl/Sponsors/Donationform09.docx,https://digitalcorpora.s3.amazonaws.com/corpora/files/govdocs1/by_type/docx.zip,499/499269.docx,"US government web document (GovDocs1 usg=YES); US federal works are public domain (17 U.S.C. 105), some .gov hosts are contractors/states. Not redistributed here.",2009-02-16 (retrieved),b813c3e69d93b6768c56f344a3bb138a0dd51ccab15a62a383d21e1ed1c625c6
govdocs1-499840,docx,en,"GovDocs1 (Digital Corpora), by_type/docx.zip",doe-iips.pr.doe.gov,http://doe-iips.pr.doe.gov/iips/busopor.nsf/UNID/82FA725AE5BC3C7585257536000A9E21/%24file/Statement_of_Work.docx,https://digitalcorpora.s3.amazonaws.com/corpora/files/govdocs1/by_type/docx.zip,499/499840.docx,"US government web document (GovDocs1 usg=YES); US federal works are public domain (17 U.S.C. 105), some .gov hosts are contractors/states. Not redistributed here.",2009-02-16 (retrieved),f2bc0b06512880567650bc4a3eabf9351de0e4af7089417ce3b2685fb5b976e2
govdocs1-502911,docx,en,"GovDocs1 (Digital Corpora), by_type/docx.zip",www.nps.gov,http://www.nps.gov/history/nr/publications/bulletins/photopolicy/Draft_Policy_Word.docx,https://digitalcorpora.s3.amazonaws.com/corpora/files/govdocs1/by_type/docx.zip,502/502911.docx,"US government web document (GovDocs1 usg=YES); US federal works are public domain (17 U.S.C. 105), some .gov hosts are contractors/states. Not redistributed here.",2009-03-16 (retrieved),0760f43c83b5100589106e4c570476ca7091ed0682d5a138eb832cd6cd284ea0
govdocs1-505495,docx,en,"GovDocs1 (Digital Corpora), by_type/docx.zip",www1.va.gov,http://www1.va.gov/emshg/docs/12309Meeting_the_Ethical_Challenges_of_Pan_Flu.docx,https://digitalcorpora.s3.amazonaws.com/corpora/files/govdocs1/by_type/docx.zip,505/505495.docx,"US government web document (GovDocs1 usg=YES); US federal works are public domain (17 U.S.C. 105), some .gov hosts are contractors/states. Not redistributed here.",2009-02-16 (retrieved),255f5362d780ad2da6b11d48abeaffb32e2bf8dec88fed67cc0577d5b4d5792f
govdocs1-507345,docx,en,"GovDocs1 (Digital Corpora), by_type/docx.zip",www.blm.gov,http://www.blm.gov/pgdata/etc/medialib/blm/nifc/hr/pmc.Par.13559.File.dat/PMCProposalForm.docx,https://digitalcorpora.s3.amazonaws.com/corpora/files/govdocs1/by_type/docx.zip,507/507345.docx,"US government web document (GovDocs1 usg=YES); US federal works are public domain (17 U.S.C. 105), some .gov hosts are contractors/states. Not redistributed here.",2009-03-15 (retrieved),1f83baccd8c7ce6af650ee6985d396591d3f89f98e83ce77432ccd22ab43b470
govdocs1-509883,docx,en,"GovDocs1 (Digital Corpora), by_type/docx.zip",www1.va.gov,http://www1.va.gov/emshg/docs/21309FIN_VISN_Final_Report_2909.docx,https://digitalcorpora.s3.amazonaws.com/corpora/files/govdocs1/by_type/docx.zip,509/509883.docx,"US government web document (GovDocs1 usg=YES); US federal works are public domain (17 U.S.C. 105), some .gov hosts are contractors/states. Not redistributed here.",2009-03-16 (retrieved),7eac834496014f75a45907553915fd2dd3fad8b57cec42407f2fc22e8400cc73
govdocs1-510523,docx,en,"GovDocs1 (Digital Corpora), by_type/docx.zip",gforge.nci.nih.gov,http://gforge.nci.nih.gov/docman/view.php/491/13986/DatabaseDeployment_LexBIG_080912.docx,https://digitalcorpora.s3.amazonaws.com/corpora/files/govdocs1/by_type/docx.zip,510/510523.docx,"US government web document (GovDocs1 usg=YES); US federal works are public domain (17 U.S.C. 105), some .gov hosts are contractors/states. Not redistributed here.",2009-02-16 (retrieved),a83dc9a1d24f76d27efc025f265ee4a9e8a9ab18575104684e1c8bd8660e49d4
govdocs1-516411,docx,en,"GovDocs1 (Digital Corpora), by_type/docx.zip",cd-docdb.fnal.gov,http://cd-docdb.fnal.gov/0030/003018/001/DataCenterOverTempShutdownProjectRequirements111708.docx,https://digitalcorpora.s3.amazonaws.com/corpora/files/govdocs1/by_type/docx.zip,516/516411.docx,"US government web document (GovDocs1 usg=YES); US federal works are public domain (17 U.S.C. 105), some .gov hosts are contractors/states. Not redistributed here.",2009-02-16 (retrieved),a76957e04560eeb002a1e9b774dda1f8972aebe538611b2931b80688e2934d5b
govdocs1-523860,docx,en,"GovDocs1 (Digital Corpora), by_type/docx.zip",gforge.nci.nih.gov,https://gforge.nci.nih.gov/svnroot/ctmsenterinteg/Integration-Effort/documents/project_management/presentations/Sample_Trial_Doc_2.docx,https://digitalcorpora.s3.amazonaws.com/corpora/files/govdocs1/by_type/docx.zip,523/523860.docx,"US government web document (GovDocs1 usg=YES); US federal works are public domain (17 U.S.C. 105), some .gov hosts are contractors/states. Not redistributed here.",2009-02-23 (retrieved),ea7f6248acf03174bb1babcae9115ae52b891243ab6378198d18f11715794763
govdocs1-531177,docx,en,"GovDocs1 (Digital Corpora), by_type/docx.zip",www.pr.doe.gov,http://www.pr.doe.gov/iips/busopor.nsf/UNID/CB05FAA7B970633285257512005B9364/%24file/Amendment_001_Questions_and_Answers.docx,https://digitalcorpora.s3.amazonaws.com/corpora/files/govdocs1/by_type/docx.zip,531/531177.docx,"US government web document (GovDocs1 usg=YES); US federal works are public domain (17 U.S.C. 105), some .gov hosts are contractors/states. Not redistributed here.",2009-02-16 (retrieved),26bebc1c2933b330dafb28ea242314497dac513cb6212cab034f6a8bf768e9d9
govdocs1-532877,docx,en,"GovDocs1 (Digital Corpora), by_type/docx.zip",www.ncua.gov,http://www.ncua.gov/regulationsopinionslaws/opinion_letters/2008/FINAL08-1229Redacted.docx,https://digitalcorpora.s3.amazonaws.com/corpora/files/govdocs1/by_type/docx.zip,532/532877.docx,"US government web document (GovDocs1 usg=YES); US federal works are public domain (17 U.S.C. 105), some .gov hosts are contractors/states. Not redistributed here.",2009-02-20 (retrieved),3a30db601928e9916b7a964fa9e52c30b85c2101b152a5c09ec27d9e5bcf7655
govdocs1-533917,docx,en,"GovDocs1 (Digital Corpora), by_type/docx.zip",ics-web4.sns.ornl.gov,http://ics-web4.sns.ornl.gov/icalepcs07/WPPA24/WPPA24.docx,https://digitalcorpora.s3.amazonaws.com/corpora/files/govdocs1/by_type/docx.zip,533/533917.docx,"US government web document (GovDocs1 usg=YES); US federal works are public domain (17 U.S.C. 105), some .gov hosts are contractors/states. Not redistributed here.",2009-03-16 (retrieved),ab86956bc510f721e19e65b6aac3eb2c87aa50fff2d81c704fffc8edf6f1cca7
govdocs1-538734,docx,en,"GovDocs1 (Digital Corpora), by_type/docx.zip",www.blm.gov,http://www.blm.gov/pgdata/etc/medialib/blm/id/plans/four_rivers_rmp_eis.Par.16107.File.dat/form.docx,https://digitalcorpora.s3.amazonaws.com/corpora/files/govdocs1/by_type/docx.zip,538/538734.docx,"US government web document (GovDocs1 usg=YES); US federal works are public domain (17 U.S.C. 105), some .gov hosts are contractors/states. Not redistributed here.",2009-02-17 (retrieved),54041b068edead9c2ad79ce9a8cb41ef66838bd74aa6ed8b3dae76b569b57b64
govdocs1-544281,docx,en,"GovDocs1 (Digital Corpora), by_type/docx.zip",yemen.usembassy.gov,http://yemen.usembassy.gov/root/pdfs/vacancies/57_vacancy_announcement_mason-painter.docx,https://digitalcorpora.s3.amazonaws.com/corpora/files/govdocs1/by_type/docx.zip,544/544281.docx,"US government web document (GovDocs1 usg=YES); US federal works are public domain (17 U.S.C. 105), some .gov hosts are contractors/states. Not redistributed here.",2009-02-17 (retrieved),69a432645d6ce41967cc7c234d70df99be04cdf411f8644b056ee24ba151322a
govdocs1-554301,docx,en,"GovDocs1 (Digital Corpora), by_type/docx.zip",www1.va.gov,http://www1.va.gov/emshg/docs/21309QU_VAMC_Site_Visit_Questions_2909.docx,https://digitalcorpora.s3.amazonaws.com/corpora/files/govdocs1/by_type/docx.zip,554/554301.docx,"US government web document (GovDocs1 usg=YES); US federal works are public domain (17 U.S.C. 105), some .gov hosts are contractors/states. Not redistributed here.",2009-03-15 (retrieved),bd2959a8da8ec4017c61b45c0998875405447a121a75def6b91d4daf447a5f13
govdocs1-595353,docx,en,"GovDocs1 (Digital Corpora), by_type/docx.zip",ftp-fc.sc.egov.usda.gov,ftp://ftp-fc.sc.egov.usda.gov/SD/www/News/DakotaFarmTalk/2009/January-7-09_Kessler.docx,https://digitalcorpora.s3.amazonaws.com/corpora/files/govdocs1/by_type/docx.zip,595/595353.docx,"US government web document (GovDocs1 usg=YES); US federal works are public domain (17 U.S.C. 105), some .gov hosts are contractors/states. Not redistributed here.",2009-02-17 (retrieved),501c4199d216529c08f87226960ac7769c646fae262ec73d9d620e8b6e932674
govdocs1-596206,docx,en,"GovDocs1 (Digital Corpora), by_type/docx.zip",doe-iips.pr.doe.gov,http://doe-iips.pr.doe.gov/iips/busopor.nsf/UNID/122428B8D843A6FD8525754A0074D136/%24file/Sol_81675_-_Conductor.docx,https://digitalcorpora.s3.amazonaws.com/corpora/files/govdocs1/by_type/docx.zip,596/596206.docx,"US government web document (GovDocs1 usg=YES); US federal works are public domain (17 U.S.C. 105), some .gov hosts are contractors/states. Not redistributed here.",2009-02-17 (retrieved),d48ec01b3f5b474fb82fd03d6ee4dc2d700a4e22dda2560814aec1a6048e6679
govdocs1-596392,docx,en,"GovDocs1 (Digital Corpora), by_type/docx.zip",yemen.usembassy.gov,http://yemen.usembassy.gov/root/pdfs/vacancies/56_vacancy_announcement_computer_management_asst.docx,https://digitalcorpora.s3.amazonaws.com/corpora/files/govdocs1/by_type/docx.zip,596/596392.docx,"US government web document (GovDocs1 usg=YES); US federal works are public domain (17 U.S.C. 105), some .gov hosts are contractors/states. Not redistributed here.",2009-02-17 (retrieved),46f484d13a5fe858ca92b26f9c5ca32180692d7cb1925acb620b5f98e98628e1
govdocs1-596393,docx,en,"GovDocs1 (Digital Corpora), by_type/docx.zip",www.blm.gov,http://www.blm.gov/pgdata/etc/medialib/blm/nifc/operations.Par.48863.File.dat/Scoresheet.docx,https://digitalcorpora.s3.amazonaws.com/corpora/files/govdocs1/by_type/docx.zip,596/596393.docx,"US government web document (GovDocs1 usg=YES); US federal works are public domain (17 U.S.C. 105), some .gov hosts are contractors/states. Not redistributed here.",2009-02-17 (retrieved),08ba5b7475d3a5ffa3890eed16ca6d6b06e7cb1422c14875566350b8bd03ed1c
govdocs1-596394,docx,en,"GovDocs1 (Digital Corpora), by_type/docx.zip",www.blm.gov,http://www.blm.gov/pgdata/etc/medialib/blm/nifc/training/word.Par.73850.File.dat/RXOJT_fillinform_web2.docx,https://digitalcorpora.s3.amazonaws.com/corpora/files/govdocs1/by_type/docx.zip,596/596394.docx,"US government web document (GovDocs1 usg=YES); US federal works are public domain (17 U.S.C. 105), some .gov hosts are contractors/states. Not redistributed here.",2009-02-17 (retrieved),48fc635f09e516f1665fbdff52b5fc8a410fec3493dbf09e6bae10bbfe975744
govdocs1-598298,docx,en,"GovDocs1 (Digital Corpora), by_type/docx.zip",www.nifc.gov,http://www.nifc.gov/policies/records/IMTBoxLists/IHFBoxIndex.docx,https://digitalcorpora.s3.amazonaws.com/corpora/files/govdocs1/by_type/docx.zip,598/598298.docx,"US government web document (GovDocs1 usg=YES); US federal works are public domain (17 U.S.C. 105), some .gov hosts are contractors/states. Not redistributed here.",2009-02-17 (retrieved),9e21a7e800b3e7f984b3a4c90acfa6c235880f1d2b66450f531804001fa56c70
govdocs1-598299,docx,en,"GovDocs1 (Digital Corpora), by_type/docx.zip",apply07.grants.gov,http://apply07.grants.gov/apply/opportunities/instructions/oppCA-NOI-08-0011-instructions.docx,https://digitalcorpora.s3.amazonaws.com/corpora/files/govdocs1/by_type/docx.zip,598/598299.docx,"US government web document (GovDocs1 usg=YES); US federal works are public domain (17 U.S.C. 105), some .gov hosts are contractors/states. Not redistributed here.",2009-02-17 (retrieved),0a31f5ed9cb8e9db69e07d188cd8f7308d81784c89832badf08b7d5516986443
govdocs1-598496,docx,en,"GovDocs1 (Digital Corpora), by_type/docx.zip",yemen.usembassy.gov,http://yemen.usembassy.gov/root/pdfs/vacancies/48_job_vacancy_information_specialist.docx,https://digitalcorpora.s3.amazonaws.com/corpora/files/govdocs1/by_type/docx.zip,598/598496.docx,"US government web document (GovDocs1 usg=YES); US federal works are public domain (17 U.S.C. 105), some .gov hosts are contractors/states. Not redistributed here.",2009-02-17 (retrieved),9e19c4e54627e1ed1df5b8c2da630075994552de675e21ed232daa1eb6009fa5
govdocs1-598938,docx,en,"GovDocs1 (Digital Corpora), by_type/docx.zip",ftp-fc.sc.egov.usda.gov,ftp://ftp-fc.sc.egov.usda.gov/SD/www/News/DakotaFarmTalk/2009/February-4-09_VanderWilt.docx,https://digitalcorpora.s3.amazonaws.com/corpora/files/govdocs1/by_type/docx.zip,598/598938.docx,"US government web document (GovDocs1 usg=YES); US federal works are public domain (17 U.S.C. 105), some .gov hosts are contractors/states. Not redistributed here.",2009-02-17 (retrieved),2a6cc571fe34081bc75bea469c56d900acca9d51c212d93144ffd74e6c14c509
govdocs1-598939,docx,en,"GovDocs1 (Digital Corpora), by_type/docx.zip",ftp.gfdl.gov,ftp://ftp.gfdl.gov/pub/yli/11_06/text/9_20_2007.docx,https://digitalcorpora.s3.amazonaws.com/corpora/files/govdocs1/by_type/docx.zip,598/598939.docx,"US government web document (GovDocs1 usg=YES); US federal works are public domain (17 U.S.C. 105), some .gov hosts are contractors/states. Not redistributed here.",2009-02-17 (retrieved),9d7f29299f8c2bc99dc5a3c7016b3e59f363ce9193b42f48af9ec96152a0ad52
govdocs1-601015,docx,en,"GovDocs1 (Digital Corpora), by_type/docx.zip",pubs.usgs.gov,http://pubs.usgs.gov/sim/3051/downloads/read_me.docx,https://digitalcorpora.s3.amazonaws.com/corpora/files/govdocs1/by_type/docx.zip,601/601015.docx,"US government web document (GovDocs1 usg=YES); US federal works are public domain (17 U.S.C. 105), some .gov hosts are contractors/states. Not redistributed here.",2009-02-17 (retrieved),abc11b48e6363d3859660294074829a405c037c6fb0aa6a952f7c7aedd53c980
govdocs1-601720,docx,en,"GovDocs1 (Digital Corpora), by_type/docx.zip",nnlm.gov,http://nnlm.gov/evaluation/docs/minutes072208.docx,https://digitalcorpora.s3.amazonaws.com/corpora/files/govdocs1/by_type/docx.zip,601/601720.docx,"US government web document (GovDocs1 usg=YES); US federal works are public domain (17 U.S.C. 105), some .gov hosts are contractors/states. Not redistributed here.",2009-02-17 (retrieved),5b8d28144320880d61d8ad8644e6d6926e75dafc8a332f5b68b534947ecda887
govdocs1-603435,docx,en,"GovDocs1 (Digital Corpora), by_type/docx.zip",iraq.usembassy.gov,http://iraq.usembassy.gov/root/pdfs/09-r-0120-sitevisitregistrationform.docx,https://digitalcorpora.s3.amazonaws.com/corpora/files/govdocs1/by_type/docx.zip,603/603435.docx,"US government web document (GovDocs1 usg=YES); US federal works are public domain (17 U.S.C. 105), some .gov hosts are contractors/states. Not redistributed here.",2009-02-17 (retrieved),790777526f26d347ce41ed3b01f9cc975cf2278c4c0db07703bf732e6aff4aaa
govdocs1-604743,docx,en,"GovDocs1 (Digital Corpora), by_type/docx.zip",eetd.lbl.gov,http://eetd.lbl.gov/staff/sethuraman/Files/MS-228/21_MS-228_Table-1.docx,https://digitalcorpora.s3.amazonaws.com/corpora/files/govdocs1/by_type/docx.zip,604/604743.docx,"US government web document (GovDocs1 usg=YES); US federal works are public domain (17 U.S.C. 105), some .gov hosts are contractors/states. Not redistributed here.",2009-02-17 (retrieved),4328b26b46d41411207b79d3268cd2a71da563cddb303b0c7b6379c8473d1c89
govdocs1-605377,docx,en,"GovDocs1 (Digital Corpora), by_type/docx.zip",www.oesd.noaa.gov,http://www.oesd.noaa.gov/network/Workshop_rpt_2008/Notes/topost/day1/D1Closing_SOS2008_notes.docx,https://digitalcorpora.s3.amazonaws.com/corpora/files/govdocs1/by_type/docx.zip,605/605377.docx,"US government web document (GovDocs1 usg=YES); US federal works are public domain (17 U.S.C. 105), some .gov hosts are contractors/states. Not redistributed here.",2009-02-17 (retrieved),876192c5a314f561911261efb7479a19a8ba351dfda1e47685f7353cb1a8d9d1
govdocs1-605378,docx,en,"GovDocs1 (Digital Corpora), by_type/docx.zip",ideasec.nbc.gov,http://ideasec.nbc.gov/ows-cls/NP144302_3067559/08SepticDB.docx,https://digitalcorpora.s3.amazonaws.com/corpora/files/govdocs1/by_type/docx.zip,605/605378.docx,"US government web document (GovDocs1 usg=YES); US federal works are public domain (17 U.S.C. 105), some .gov hosts are contractors/states. Not redistributed here.",2009-02-17 (retrieved),4b7b189ececd74317dc190b37d14fa96637c3dfbb90a041e497ec10e096fbb4f
govdocs1-610679,docx,en,"GovDocs1 (Digital Corpora), by_type/docx.zip",yemen.usembassy.gov,http://yemen.usembassy.gov/root/pdfs/vacancies/58_job_vacancy_telephone_operator.docx,https://digitalcorpora.s3.amazonaws.com/corpora/files/govdocs1/by_type/docx.zip,610/610679.docx,"US government web document (GovDocs1 usg=YES); US federal works are public domain (17 U.S.C. 105), some .gov hosts are contractors/states. Not redistributed here.",2009-02-17 (retrieved),7b51c70dec7f4bcbf3fede9073515d255e25ee238ffc8da94e5bc91b54ea20de
govdocs1-610786,docx,en,"GovDocs1 (Digital Corpora), by_type/docx.zip",www.nifc.gov,http://www.nifc.gov/policies/records/ToolsIMTs/IMTToolsFeedback.docx,https://digitalcorpora.s3.amazonaws.com/corpora/files/govdocs1/by_type/docx.zip,610/610786.docx,"US government web document (GovDocs1 usg=YES); US federal works are public domain (17 U.S.C. 105), some .gov hosts are contractors/states. Not redistributed here.",2009-02-17 (retrieved),2b883cb98bb5d6891904c85abb230196baae74c6281c9f562ce6cd96d8be7a9a
govdocs1-612851,docx,en,"GovDocs1 (Digital Corpora), by_type/docx.zip",montevideo.usembassy.gov,http://montevideo.usembassy.gov/usaweb/paginas/Wordfiles/Global_Ugrad_Prog_Appl_09.docx,https://digitalcorpora.s3.amazonaws.com/corpora/files/govdocs1/by_type/docx.zip,612/612851.docx,"US government web document (GovDocs1 usg=YES); US federal works are public domain (17 U.S.C. 105), some .gov hosts are contractors/states. Not redistributed here.",2009-02-17 (retrieved),f16960333fec062381311c19bbdf0830afe52375fbf906e3a3ad17f13e5cc64d
govdocs1-615326,docx,en,"GovDocs1 (Digital Corpora), by_type/docx.zip",www.wyd.uscourts.gov,http://www.wyd.uscourts.gov/pdfforms/job-usbcwy0901.docx,https://digitalcorpora.s3.amazonaws.com/corpora/files/govdocs1/by_type/docx.zip,615/615326.docx,"US government web document (GovDocs1 usg=YES); US federal works are public domain (17 U.S.C. 105), some .gov hosts are contractors/states. Not redistributed here.",2009-02-17 (retrieved),93feeff276f977088c92d1acc6f768ccd83bbbc641e4f67f792deae66ef64521
govdocs1-616100,docx,en,"GovDocs1 (Digital Corpora), by_type/docx.zip",gforge.nci.nih.gov,http://gforge.nci.nih.gov/docman/view.php/517/14980/HelpDesk_WG6.docx,https://digitalcorpora.s3.amazonaws.com/corpora/files/govdocs1/by_type/docx.zip,616/616100.docx,"US government web document (GovDocs1 usg=YES); US federal works are public domain (17 U.S.C. 105), some .gov hosts are contractors/states. Not redistributed here.",2009-02-17 (retrieved),7a95f062f1ee9b5966ff8dbebe32440067220936645717a94ae4cd4b9184bda9
govdocs1-616486,docx,en,"GovDocs1 (Digital Corpora), by_type/docx.zip",nnlm.gov,http://nnlm.gov/evaluation/booklets/booklet2/booklet2_blank_worksheet2.docx,https://digitalcorpora.s3.amazonaws.com/corpora/files/govdocs1/by_type/docx.zip,616/616486.docx,"US government web document (GovDocs1 usg=YES); US federal works are public domain (17 U.S.C. 105), some .gov hosts are contractors/states. Not redistributed here.",2009-02-17 (retrieved),97aba5740b3bd61afbfe2204e57bf2207b9071783f9a352fe15708d740e018fd
govdocs1-617794,docx,en,"GovDocs1 (Digital Corpora), by_type/docx.zip",www1.va.gov,http://www1.va.gov/emshg/docs/21909_NIMS_Scoring_Tool_21009.docx,https://digitalcorpora.s3.amazonaws.com/corpora/files/govdocs1/by_type/docx.zip,617/617794.docx,"US government web document (GovDocs1 usg=YES); US federal works are public domain (17 U.S.C. 105), some .gov hosts are contractors/states. Not redistributed here.",2009-03-15 (retrieved),add877c9b4e5724c5f67b578584867638868953f2720d64101bab329994a554e
govdocs1-619163,docx,en,"GovDocs1 (Digital Corpora), by_type/docx.zip",gforge.nci.nih.gov,http://gforge.nci.nih.gov/docman/view.php/517/14982/HelpDesk_WG8.docx,https://digitalcorpora.s3.amazonaws.com/corpora/files/govdocs1/by_type/docx.zip,619/619163.docx,"US government web document (GovDocs1 usg=YES); US federal works are public domain (17 U.S.C. 105), some .gov hosts are contractors/states. Not redistributed here.",2009-02-17 (retrieved),9ab3775bb9b88a099628844fae9654fd4f8f04f362127d651355588332d148fd
govdocs1-619202,docx,en,"GovDocs1 (Digital Corpora), by_type/docx.zip",nnlm.gov,http://nnlm.gov/sea/about/rac/outreach/082007minutes.doc.docx,https://digitalcorpora.s3.amazonaws.com/corpora/files/govdocs1/by_type/docx.zip,619/619202.docx,"US government web document (GovDocs1 usg=YES); US federal works are public domain (17 U.S.C. 105), some .gov hosts are contractors/states. Not redistributed here.",2009-02-17 (retrieved),777b0707d8a52980b942af4067f832a974dc930ed9a8a6606b77f323e57003c2
govdocs1-619629,docx,en,"GovDocs1 (Digital Corpora), by_type/docx.zip",gforge.nci.nih.gov,https://gforge.nci.nih.gov/docman/view.php/388/11060/Updated%2520Test%2520Log%2520Document%2520completion%2520Plan%2520A.docx,https://digitalcorpora.s3.amazonaws.com/corpora/files/govdocs1/by_type/docx.zip,619/619629.docx,"US government web document (GovDocs1 usg=YES); US federal works are public domain (17 U.S.C. 105), some .gov hosts are contractors/states. Not redistributed here.",2009-02-23 (retrieved),c4e928845b08269ff7adb7653fc9571a4fea9abc14907e4e22d1f691c889832c
govdocs1-622477,docx,en,"GovDocs1 (Digital Corpora), by_type/docx.zip",gforge.nci.nih.gov,http://gforge.nci.nih.gov/frs/download.php/2446/WFUTS_create_study_with_randomized_block.docx,https://digitalcorpora.s3.amazonaws.com/corpora/files/govdocs1/by_type/docx.zip,622/622477.docx,"US government web document (GovDocs1 usg=YES); US federal works are public domain (17 U.S.C. 105), some .gov hosts are contractors/states. Not redistributed here.",2009-02-17 (retrieved),825e2845f3a4189c0c4c256749cf621abcd9ca1a1104c5b928ab77352cb48ad7
govdocs1-622706,docx,en,"GovDocs1 (Digital Corpora), by_type/docx.zip",ftp.gfdl.gov,ftp://ftp.gfdl.gov/pub/snz/noaapaper.docx,https://digitalcorpora.s3.amazonaws.com/corpora/files/govdocs1/by_type/docx.zip,622/622706.docx,"US government web document (GovDocs1 usg=YES); US federal works are public domain (17 U.S.C. 105), some .gov hosts are contractors/states. Not redistributed here.",2009-02-17 (retrieved),8b37eb93abf1182aad5967a7ff2dc4e23a78e9fda84a4f4da88836f6888e58be
govdocs1-623902,docx,en,"GovDocs1 (Digital Corpora), by_type/docx.zip",cd-docdb.fnal.gov,http://cd-docdb.fnal.gov/0027/002776/001/jlab-mou-cover.docx,https://digitalcorpora.s3.amazonaws.com/corpora/files/govdocs1/by_type/docx.zip,623/623902.docx,"US government web document (GovDocs1 usg=YES); US federal works are public domain (17 U.S.C. 105), some .gov hosts are contractors/states. Not redistributed here.",2009-02-17 (retrieved),2709b73e0337f0df069c23becf62f2bed1cb83448723a749dd94921e45edc980
govdocs1-624667,docx,en,"GovDocs1 (Digital Corpora), by_type/docx.zip",gforge.nci.nih.gov,http://gforge.nci.nih.gov/docman/view.php/419/14191/Monthly%2520KC%2520Agenda%2520093008.docx,https://digitalcorpora.s3.amazonaws.com/corpora/files/govdocs1/by_type/docx.zip,624/624667.docx,"US government web document (GovDocs1 usg=YES); US federal works are public domain (17 U.S.C. 105), some .gov hosts are contractors/states. Not redistributed here.",2009-02-17 (retrieved),add3ae51f922e26127f24b3331ff53c89c8898d5d5ac8d51f9ee8d71ac83bcae
govdocs1-624702,docx,en,"GovDocs1 (Digital Corpora), by_type/docx.zip",www.crh.noaa.gov,http://www.crh.noaa.gov/images/mbrfc/MSI_web_description.docx,https://digitalcorpora.s3.amazonaws.com/corpora/files/govdocs1/by_type/docx.zip,624/624702.docx,"US government web document (GovDocs1 usg=YES); US federal works are public domain (17 U.S.C. 105), some .gov hosts are contractors/states. Not redistributed here.",2009-02-17 (retrieved),54592af61b673a2f13c0651c3622e12143428832ea9a7277cfeda4953a8428be
govdocs1-629327,docx,en,"GovDocs1 (Digital Corpora), by_type/docx.zip",www.blm.gov,http://www.blm.gov/pgdata/etc/medialib/blm/nv/field_offices/las_vegas_field_office/red_rock/program_listing/0.Par.54795.File.tmp/Scenic%2520Drive%2520Hiking%2520trails.docx,https://digitalcorpora.s3.amazonaws.com/corpora/files/govdocs1/by_type/docx.zip,629/629327.docx,"US government web document (GovDocs1 usg=YES); US federal works are public domain (17 U.S.C. 105), some .gov hosts are contractors/states. Not redistributed here.",2009-02-17 (retrieved),93aedbde44c45ab96a94680722769398761e0a835477dc867fe926c4ff4b1213
govdocs1-630008,docx,en,"GovDocs1 (Digital Corpora), by_type/docx.zip",crapo.senate.gov,http://crapo.senate.gov/issues/teen_dating_violence/TDVAPIPartnerLetter2009.docx,https://digitalcorpora.s3.amazonaws.com/corpora/files/govdocs1/by_type/docx.zip,630/630008.docx,"US government web document (GovDocs1 usg=YES); US federal works are public domain (17 U.S.C. 105), some .gov hosts are contractors/states. Not redistributed here.",2009-02-17 (retrieved),a016dfb3d109ba68bf23909ed58afb19654cf50964471c3ce749ef9157f1ce4a
govdocs1-632014,docx,en,"GovDocs1 (Digital Corpora), by_type/docx.zip",gforge.nci.nih.gov,http://gforge.nci.nih.gov/docman/view.php/18/14590/Suite_C1_TestResultReport.docx,https://digitalcorpora.s3.amazonaws.com/corpora/files/govdocs1/by_type/docx.zip,632/632014.docx,"US government web document (GovDocs1 usg=YES); US federal works are public domain (17 U.S.C. 105), some .gov hosts are contractors/states. Not redistributed here.",2009-02-17 (retrieved),20d7c19203dce3a9da4092dc82e462743e44401fb4e1a8880c99348c7bec4546
govdocs1-633494,docx,en,"GovDocs1 (Digital Corpora), by_type/docx.zip",gforge.nci.nih.gov,http://gforge.nci.nih.gov/docman/view.php/524/13650/CCTS%2520Security%2520Requirements%2520-%2520List%2520of%2520Legal%2520Questions.docx,https://digitalcorpora.s3.amazonaws.com/corpora/files/govdocs1/by_type/docx.zip,633/633494.docx,"US government web document (GovDocs1 usg=YES); US federal works are public domain (17 U.S.C. 105), some .gov hosts are contractors/states. Not redistributed here.",2009-02-17 (retrieved),bf2c599ffd8bd32f6cb725d498fcb7fce7391572e40f91cec4c6fd13844cef30
govdocs1-633495,docx,en,"GovDocs1 (Digital Corpora), by_type/docx.zip",gforge.nci.nih.gov,http://gforge.nci.nih.gov/docman/view.php/18/13846/Suite_C1_TestPlan.docx,https://digitalcorpora.s3.amazonaws.com/corpora/files/govdocs1/by_type/docx.zip,633/633495.docx,"US government web document (GovDocs1 usg=YES); US federal works are public domain (17 U.S.C. 105), some .gov hosts are contractors/states. Not redistributed here.",2009-02-17 (retrieved),d3ebcf7a32ceeea6240b4ace408fd9f402004f896db67fd18582e813f82dc162
govdocs1-634957,docx,en,"GovDocs1 (Digital Corpora), by_type/docx.zip",yemen.usembassy.gov,http://yemen.usembassy.gov/root/pdfs/vacancies/45_job_vacancy_translator-interpreter.docx,https://digitalcorpora.s3.amazonaws.com/corpora/files/govdocs1/by_type/docx.zip,634/634957.docx,"US government web document (GovDocs1 usg=YES); US federal works are public domain (17 U.S.C. 105), some .gov hosts are contractors/states. Not redistributed here.",2009-02-17 (retrieved),e2f8103db4fe98e47a82e8a4ba21c99ae0221db90254384cd69db6878e9e6d02
govdocs1-635707,docx,en,"GovDocs1 (Digital Corpora), by_type/docx.zip",www.nifc.gov,http://www.nifc.gov/policies/IHC/APPENDIXE.docx,https://digitalcorpora.s3.amazonaws.com/corpora/files/govdocs1/by_type/docx.zip,635/635707.docx,"US government web document (GovDocs1 usg=YES); US federal works are public domain (17 U.S.C. 105), some .gov hosts are contractors/states. Not redistributed here.",2009-03-16 (retrieved),2443be0274b29cc00ceba2c36193402546dc1b5fb878b4b452d40494ddfd69af
govdocs1-635928,docx,en,"GovDocs1 (Digital Corpora), by_type/docx.zip",ftp.gfdl.gov,ftp://ftp.gfdl.gov/pub/yli/11_06/text/10_13_2007.docx,https://digitalcorpora.s3.amazonaws.com/corpora/files/govdocs1/by_type/docx.zip,635/635928.docx,"US government web document (GovDocs1 usg=YES); US federal works are public domain (17 U.S.C. 105), some .gov hosts are contractors/states. Not redistributed here.",2009-02-17 (retrieved),cfa8d1ae4afdab2c7317245197c99361ab3f36a52e5bc248df3959c79ea11e1d
govdocs1-646102,docx,en,"GovDocs1 (Digital Corpora), by_type/docx.zip",gforge.nci.nih.gov,http://gforge.nci.nih.gov/docman/view.php/388/8887/ICR%2520Face%2520to%2520Face%2520Participation%2520Report.docx,https://digitalcorpora.s3.amazonaws.com/corpora/files/govdocs1/by_type/docx.zip,646/646102.docx,"US government web document (GovDocs1 usg=YES); US federal works are public domain (17 U.S.C. 105), some .gov hosts are contractors/states. Not redistributed here.",2009-02-17 (retrieved),52c1426812aa1b5097ea403e84e7feeca74070aeb89d7fc6520c23aaca67a1da
govdocs1-648893,docx,en,"GovDocs1 (Digital Corpora), by_type/docx.zip",gforge.nci.nih.gov,https://gforge.nci.nih.gov/svnroot/pmbp/docs/how_to_load_a_Model_to_caDSR.docx,https://digitalcorpora.s3.amazonaws.com/corpora/files/govdocs1/by_type/docx.zip,648/648893.docx,"US government web document (GovDocs1 usg=YES); US federal works are public domain (17 U.S.C. 105), some .gov hosts are contractors/states. Not redistributed here.",2009-02-23 (retrieved),a505a7118cf339507b9368262d430d1cb849ee925ada31d362ce068ebbaa60b8
govdocs1-649344,docx,en,"GovDocs1 (Digital Corpora), by_type/docx.zip",www.blm.gov,http://www.blm.gov/pgdata/etc/medialib/blm/nifc/operations.Par.66362.File.dat/PointsChart.docx,https://digitalcorpora.s3.amazonaws.com/corpora/files/govdocs1/by_type/docx.zip,649/649344.docx,"US government web document (GovDocs1 usg=YES); US federal works are public domain (17 U.S.C. 105), some .gov hosts are contractors/states. Not redistributed here.",2009-02-17 (retrieved),f51d2812086a03cf4e111fe82395370d4ae15c512f1f698c4c9afe3305d41ee5
govdocs1-651923,docx,en,"GovDocs1 (Digital Corpora), by_type/docx.zip",gforge.nci.nih.gov,https://gforge.nci.nih.gov/frs/download.php/3244/WFU_iteration_9_study__import_registration_script1.docx,https://digitalcorpora.s3.amazonaws.com/corpora/files/govdocs1/by_type/docx.zip,651/651923.docx,"US government web document (GovDocs1 usg=YES); US federal works are public domain (17 U.S.C. 105), some .gov hosts are contractors/states. Not redistributed here.",2009-02-23 (retrieved),1049b3ec99b91fdde3e217c388e8ec29d0cbb84b4f1008593aeaa0be778a6fa6
govdocs1-651924,docx,en,"GovDocs1 (Digital Corpora), by_type/docx.zip",gforge.nci.nih.gov,https://gforge.nci.nih.gov/svnroot/c3prv2/tags/c3pr_v2.5_release/documentation/training/c3prv2_training_materials.docx,https://digitalcorpora.s3.amazonaws.com/corpora/files/govdocs1/by_type/docx.zip,651/651924.docx,"US government web document (GovDocs1 usg=YES); US federal works are public domain (17 U.S.C. 105), some .gov hosts are contractors/states. Not redistributed here.",2009-02-23 (retrieved),920a995df807f98c27fb65f575e68b3feb6474bafd29f8e69e52d958ea935801
govdocs1-653159,docx,en,"GovDocs1 (Digital Corpora), by_type/docx.zip",gforge.nci.nih.gov,http://gforge.nci.nih.gov/docman/view.php/172/13528/Year3Requirementstrackerid0807.docx,https://digitalcorpora.s3.amazonaws.com/corpora/files/govdocs1/by_type/docx.zip,653/653159.docx,"US government web document (GovDocs1 usg=YES); US federal works are public domain (17 U.S.C. 105), some .gov hosts are contractors/states. Not redistributed here.",2009-02-18 (retrieved),416e4223b5b5ed5903742954618f983adb21ad304b56261b97d493b44d5ac104
govdocs1-664545,docx,en,"GovDocs1 (Digital Corpora), by_type/docx.zip",www.corporateservices.noaa.gov,http://www.corporateservices.noaa.gov/~finance/TDS%2520Service%2520Fee.doc..docx,https://digitalcorpora.s3.amazonaws.com/corpora/files/govdocs1/by_type/docx.zip,664/664545.docx,"US government web document (GovDocs1 usg=YES); US federal works are public domain (17 U.S.C. 105), some .gov hosts are contractors/states. Not redistributed here.",2009-03-02 (retrieved),9781709d24711be5307518959a7c9d97b56587acadfd35f9abf62ed2b4ced8d9
govdocs1-681047,docx,en,"GovDocs1 (Digital Corpora), by_type/docx.zip",www1.va.gov,http://www1.va.gov/emshg/docs/21309AG_VISN_Site_Visit_Agenda_2909.docx,https://digitalcorpora.s3.amazonaws.com/corpora/files/govdocs1/by_type/docx.zip,681/681047.docx,"US government web document (GovDocs1 usg=YES); US federal works are public domain (17 U.S.C. 105), some .gov hosts are contractors/states. Not redistributed here.",2009-03-16 (retrieved),6e25920a471c1903d9a76cf059669fcb0300bc32980d55853d17ff2d1ce7955f
govdocs1-682995,docx,en,"GovDocs1 (Digital Corpora), by_type/docx.zip",www.prc.gov,http://www.prc.gov/(S(lusihs55gct0z4mss2zqi5am))/Docs/62/62501/PRCommentsMC2009-17.docx,https://digitalcorpora.s3.amazonaws.com/corpora/files/govdocs1/by_type/docx.zip,682/682995.docx,"US government web document (GovDocs1 usg=YES); US federal works are public domain (17 U.S.C. 105), some .gov hosts are contractors/states. Not redistributed here.",2009-03-15 (retrieved),8641e7ccff756ffe116f0917e32927c45c29b5eaefe91d1f676ecb61f7815345
govdocs1-732704,docx,en,"GovDocs1 (Digital Corpora), by_type/docx.zip",gforge.nci.nih.gov,https://gforge.nci.nih.gov/docman/view.php/491/16197/Database_Deployment_EVSAPI_421_PROD_2009_01_21.docx,https://digitalcorpora.s3.amazonaws.com/corpora/files/govdocs1/by_type/docx.zip,732/732704.docx,"US government web document (GovDocs1 usg=YES); US federal works are public domain (17 U.S.C. 105), some .gov hosts are contractors/states. Not redistributed here.",2009-02-23 (retrieved),fa9d653e9f5120709292082593ee20074641e5332733b4b59bd5dc9ac71e1659
govdocs1-732705,docx,en,"GovDocs1 (Digital Corpora), by_type/docx.zip",gforge.nci.nih.gov,http://gforge.nci.nih.gov/docman/view.php/491/14778/Database_Deployment_LexBIG_PROD_2008_10_24.docx,https://digitalcorpora.s3.amazonaws.com/corpora/files/govdocs1/by_type/docx.zip,732/732705.docx,"US government web document (GovDocs1 usg=YES); US federal works are public domain (17 U.S.C. 105), some .gov hosts are contractors/states. Not redistributed here.",2009-02-18 (retrieved),de46380653d17b26fc3f383a46beddf8abe4dfe1bc2f312f359df66b98cd5211
govdocs1-737350,docx,en,"GovDocs1 (Digital Corpora), by_type/docx.zip",gforge.nci.nih.gov,http://gforge.nci.nih.gov/docman/view.php/524/13661/CCTS%2520Security%2520Requirements%2520-%2520Parking%2520Lot%2520Issues.docx,https://digitalcorpora.s3.amazonaws.com/corpora/files/govdocs1/by_type/docx.zip,737/737350.docx,"US government web document (GovDocs1 usg=YES); US federal works are public domain (17 U.S.C. 105), some .gov hosts are contractors/states. Not redistributed here.",2009-02-18 (retrieved),e22162eac07167f94da660b8f581846a13db423dbb4b47d458e6193e98278de1
govdocs1-758999,docx,en,"GovDocs1 (Digital Corpora), by_type/docx.zip",gforge.nci.nih.gov,http://gforge.nci.nih.gov/docman/view.php/419/14370/Weekly%2520Dev%252010_08_08%2520Agenda.docx,https://digitalcorpora.s3.amazonaws.com/corpora/files/govdocs1/by_type/docx.zip,758/758999.docx,"US government web document (GovDocs1 usg=YES); US federal works are public domain (17 U.S.C. 105), some .gov hosts are contractors/states. Not redistributed here.",2009-02-18 (retrieved),cdf07bb072e31b7390aceee085b55e2fe797da2f375c65cd80503fbcbebcc096
govdocs1-787396,docx,en,"GovDocs1 (Digital Corpora), by_type/docx.zip",cd-docdb.fnal.gov,http://cd-docdb.fnal.gov/0029/002967/001/Migration_Observations_20081022.docx,https://digitalcorpora.s3.amazonaws.com/corpora/files/govdocs1/by_type/docx.zip,787/787396.docx,"US government web document (GovDocs1 usg=YES); US federal works are public domain (17 U.S.C. 105), some .gov hosts are contractors/states. Not redistributed here.",2009-02-18 (retrieved),22cbf5f4c18841ce01d610c04129cb854328711df107ed1b0ac3a4eb766ef1c9
govdocs1-795716,docx,en,"GovDocs1 (Digital Corpora), by_type/docx.zip",www1.va.gov,http://www1.va.gov/emshg/docs/21309AG_VAMC_Site_Visit_Agenda_2909.docx,https://digitalcorpora.s3.amazonaws.com/corpora/files/govdocs1/by_type/docx.zip,795/795716.docx,"US government web document (GovDocs1 usg=YES); US federal works are public domain (17 U.S.C. 105), some .gov hosts are contractors/states. Not redistributed here.",2009-03-16 (retrieved),a0df3eeab89ff636a81f9e1ecbb22eb2ec0aaacddd7ecf83d4a5f847c0a6c539
govdocs1-873263,docx,en,"GovDocs1 (Digital Corpora), by_type/docx.zip",gforge.nci.nih.gov,http://gforge.nci.nih.gov/docman/view.php/419/14221/Weekly%2520Adop_Dev%2520Agenda%252010_02_08.docx,https://digitalcorpora.s3.amazonaws.com/corpora/files/govdocs1/by_type/docx.zip,873/873263.docx,"US government web document (GovDocs1 usg=YES); US federal works are public domain (17 U.S.C. 105), some .gov hosts are contractors/states. Not redistributed here.",2009-02-19 (retrieved),e6db5634f6a541cc209eea397b61e0824c17e7f556d3e1bff5167ab0248369dd
govdocs1-883596,docx,en,"GovDocs1 (Digital Corpora), by_type/docx.zip",www1.va.gov,http://www1.va.gov/emshg/docs/21309SCO_VAMC_Capability_Scoring_Tool_2909.docx,https://digitalcorpora.s3.amazonaws.com/corpora/files/govdocs1/by_type/docx.zip,883/883596.docx,"US government web document (GovDocs1 usg=YES); US federal works are public domain (17 U.S.C. 105), some .gov hosts are contractors/states. Not redistributed here.",2009-03-17 (retrieved),7683d6a936ccf70e043b427dda7b84f8a4a06ccd4cf7fedde7a8b260e6f3ff07
govdocs1-919819,docx,en,"GovDocs1 (Digital Corpora), by_type/docx.zip",wiki.nasa.gov,http://wiki.nasa.gov/cm/wiki/Federal%2520Knowledge%2520Management%2520Working%2520Group%2520(KMWG).wiki///1001783main_Federal%2520KM%2520Initiative%2520Committee%2520Charter%2520V6.docx,https://digitalcorpora.s3.amazonaws.com/corpora/files/govdocs1/by_type/docx.zip,919/919819.docx,"US government web document (GovDocs1 usg=YES); US federal works are public domain (17 U.S.C. 105), some .gov hosts are contractors/states. Not redistributed here.",2009-02-19 (retrieved),4fd347d4a5af061266c85efe6be5245a128531de4983f8249c109ae4e4ce1075
govdocs1-941261,docx,en,"GovDocs1 (Digital Corpora), by_type/docx.zip",gforge.nci.nih.gov,http://gforge.nci.nih.gov/frs/download.php/3244/WFU_iteration_9_study__import_registration_script1.docx,https://digitalcorpora.s3.amazonaws.com/corpora/files/govdocs1/by_type/docx.zip,941/941261.docx,"US government web document (GovDocs1 usg=YES); US federal works are public domain (17 U.S.C. 105), some .gov hosts are contractors/states. Not redistributed here.",2009-03-15 (retrieved),1049b3ec99b91fdde3e217c388e8ec29d0cbb84b4f1008593aeaa0be778a6fa6
govdocs1-956803,docx,en,"GovDocs1 (Digital Corpora), by_type/docx.zip",gforge.nci.nih.gov,http://gforge.nci.nih.gov/frs/download.php/2301/blockerbug.docx,https://digitalcorpora.s3.amazonaws.com/corpora/files/govdocs1/by_type/docx.zip,956/956803.docx,"US government web document (GovDocs1 usg=YES); US federal works are public domain (17 U.S.C. 105), some .gov hosts are contractors/states. Not redistributed here.",2009-02-20 (retrieved),766139e3dd0cb07850fe9f937ec34e4036e2d34bff0a68bb06a015095490006b
github-18F_handbook-TEMPLATE_Internal_kickoff_agenda,docx,en,GitHub 18F/handbook,18F,https://github.com/18F/handbook/blob/c220f93896b39e9e4ab0f486a1d5bf346ac06e3e/downloads/TEMPLATE_Internal_kickoff_agenda.docx,https://raw.githubusercontent.com/18F/handbook/c220f93896b39e9e4ab0f486a1d5bf346ac06e3e/downloads/TEMPLATE_Internal_kickoff_agenda.docx,,"US Government work, public domain; 18F/handbook adds CC0 1.0 (LICENSE.md)",2026-06-04 (commit),deae57c7728991a1ad14de0781cc9aeaa2f5dc888e8afb164d7bca4bda82e7cf
github-18F_handbook-TEMPLATE_Project_README,docx,en,GitHub 18F/handbook,18F,https://github.com/18F/handbook/blob/c220f93896b39e9e4ab0f486a1d5bf346ac06e3e/downloads/TEMPLATE_Project_README.docx,https://raw.githubusercontent.com/18F/handbook/c220f93896b39e9e4ab0f486a1d5bf346ac06e3e/downloads/TEMPLATE_Project_README.docx,,"US Government work, public domain; 18F/handbook adds CC0 1.0 (LICENSE.md)",2026-06-04 (commit),8b1bcb13d94e7f45774aa8d13165583831024d1ed7c98a5ce86cd672145cc52c
github-18F_handbook-TEMPLATE_Team_charter,docx,en,GitHub 18F/handbook,18F,https://github.com/18F/handbook/blob/c220f93896b39e9e4ab0f486a1d5bf346ac06e3e/downloads/TEMPLATE_Team_charter.docx,https://raw.githubusercontent.com/18F/handbook/c220f93896b39e9e4ab0f486a1d5bf346ac06e3e/downloads/TEMPLATE_Team_charter.docx,,"US Government work, public domain; 18F/handbook adds CC0 1.0 (LICENSE.md)",2026-06-04 (commit),9781231b59bd4a8adf3a2de46a4cf49bac0dc3285459e8346e18252430430aa6
github-18F_handbook-TEMPLATE_Weekly_ship_template,docx,en,GitHub 18F/handbook,18F,https://github.com/18F/handbook/blob/c220f93896b39e9e4ab0f486a1d5bf346ac06e3e/downloads/TEMPLATE_Weekly_ship_template.docx,https://raw.githubusercontent.com/18F/handbook/c220f93896b39e9e4ab0f486a1d5bf346ac06e3e/downloads/TEMPLATE_Weekly_ship_template.docx,,"US Government work, public domain; 18F/handbook adds CC0 1.0 (LICENSE.md)",2026-06-04 (commit),f7561af76ee33cc932e25d8ac2645ffdc7fe98f717697d74c0b0fc435b81c1f0
github-usds_playbook-TechFAR_Handbook_2014-08-07,docx,en,GitHub usds/playbook,usds,https://github.com/usds/playbook/blob/f5d71f1939efe87db9f0be414bcfa7c489e01c19/assets/TechFAR%20Handbook_2014-08-07.docx,https://raw.githubusercontent.com/usds/playbook/f5d71f1939efe87db9f0be414bcfa7c489e01c19/assets/TechFAR%20Handbook_2014-08-07.docx,,"US Government work, public domain; 18F/handbook adds CC0 1.0 (LICENSE.md)",2025-10-20 (commit),b4459c4135bb233da87411b6dee70d8db1d3af6cf2b329714e7877298c92e5d4
